/astro/Star/Deneb_Algedi/index.{html} /astro/Star/Deneb_Algedi/
/lang/Family/LangFamily-Turkic/index.{html} /lang/Family/LangFamily-Turkic/
/North-America/United_States_of_America/Kansas/Kansas_City/index.{html} /North-America/United_States_of_America/Kansas/Kansas_City/
/astro/Star/Leonis-12/index.{html} /astro/Star/Leonis-12/
/chemic/Elements/Group-16-Chalcogene/Polonium/index.{html} /chemic/Elements/Group-16-Chalcogene/Polonium/
/notes/config/index.{html} /notes/config/
/astro/Star/Bootis-134/index.{html} /astro/Star/Bootis-134/
/astro/Star/Canis_Majoris-107/index.{html} /astro/Star/Canis_Majoris-107/
/astro/Star/Cassiopeiae-50/index.{html} /astro/Star/Cassiopeiae-50/
/astro/Star/Castor/index.{html} /astro/Star/Castor/
/astro/Zodiac/Zodiac-Aquarius/index.{html} /astro/Zodiac/Zodiac-Aquarius/
/chemic/Elements/Actinide-Group/Berkelium/index.{html} /chemic/Elements/Actinide-Group/Berkelium/
/North-America/United_States_of_America/Delaware/Delaware~Dover/index.{html} /North-America/United_States_of_America/Delaware/Delaware~Dover/
/North-America/United_States_of_America/Washington/Spokane/index.{html} /North-America/United_States_of_America/Washington/Spokane/
/astro/Star/Avoir/index.{html} /astro/Star/Avoir/
/astro/Star/Carinae-24/index.{html} /astro/Star/Carinae-24/
/astro/Star/Tauri-178/index.{html} /astro/Star/Tauri-178/
/astro/Zodiac/Zodiac-Virgo/index.{html} /astro/Zodiac/Zodiac-Virgo/
/North-America/United_States_of_America/Florida/Tallahassee/index.{html} /North-America/United_States_of_America/Florida/Tallahassee/
/astro/Star/Aquarii-5/index.{html} /astro/Star/Aquarii-5/
/astro/Star/Carinae-57/index.{html} /astro/Star/Carinae-57/
/astro/Star/Cygni-17/index.{html} /astro/Star/Cygni-17/
/astro/Star/Miaplacidus/index.{html} /astro/Star/Miaplacidus/
/astro/Zodiac/Zodiac-Libra/index.{html} /astro/Zodiac/Zodiac-Libra/
/astro/Star/Aspidiske/index.{html} /astro/Star/Aspidiske/
/astro/Star/Volantis-1/index.{html} /astro/Star/Volantis-1/
/chemic/Elements/Group-16-Chalcogene/Tellurium/index.{html} /chemic/Elements/Group-16-Chalcogene/Tellurium/
/chemic/Elements/Group-18-Nobel-Gases/Krypton/index.{html} /chemic/Elements/Group-18-Nobel-Gases/Krypton/
/astro/Star/Pavonis-4/index.{html} /astro/Star/Pavonis-4/
/astro/Star/Sadachbia/index.{html} /astro/Star/Sadachbia/
/astro/Star/Star-27742/index.{html} /astro/Star/Star-27742/
/lang/_LangTemplate/index.{html} /lang/_LangTemplate/
/LICENSE/index.{html} /LICENSE/
/North-America/United_States_of_America/Georgia/Plains/index.{html} /North-America/United_States_of_America/Georgia/Plains/
/North-America/United_States_of_America/Vermont/index.{html} /North-America/United_States_of_America/Vermont/
/astro/Star/Herculis-4/index.{html} /astro/Star/Herculis-4/
/astro/Star/Hydrae-7/index.{html} /astro/Star/Hydrae-7/
/astro/Star/Unukalhai/index.{html} /astro/Star/Unukalhai/
/astro/Zodiac/Zodiac-Cepheus/index.{html} /astro/Zodiac/Zodiac-Cepheus/
/astro/Zodiac/Zodiac-Pyxis/index.{html} /astro/Zodiac/Zodiac-Pyxis/
/North-America/United_States_of_America/California/Modesto/index.{html} /North-America/United_States_of_America/California/Modesto/
/astro/Star/Diphda/index.{html} /astro/Star/Diphda/
/astro/Star/Draconis-23/index.{html} /astro/Star/Draconis-23/
/astro/Star/Draconis-6/index.{html} /astro/Star/Draconis-6/
/astro/Star/Eridani-4/index.{html} /astro/Star/Eridani-4/
/astro/Star/Piscium-11/index.{html} /astro/Star/Piscium-11/
/lang/Lang-ko/index.{html} /lang/Lang-ko/
/astro/Star/Grumium/index.{html} /astro/Star/Grumium/
/astro/Star/Homam/index.{html} /astro/Star/Homam/
/North-America/United_States_of_America/Oregon/Oregon~Salem/index.{html} /North-America/United_States_of_America/Oregon/Oregon~Salem/
/North-America/United_States_of_America/Texas/Austin/index.{html} /North-America/United_States_of_America/Texas/Austin/
/North-America/United_States_of_America/Texas/San_Angelo/index.{html} /North-America/United_States_of_America/Texas/San_Angelo/
/astro/Star/Carinae-41/index.{html} /astro/Star/Carinae-41/
/astro/Star/Circini-4/index.{html} /astro/Star/Circini-4/
/astro/Star/Gemma/index.{html} /astro/Star/Gemma/
/astro/Star/Hydrae-131/index.{html} /astro/Star/Hydrae-131/
/astro/Star/Mirach/index.{html} /astro/Star/Mirach/
/astro/Star/Ophiuchi-8/index.{html} /astro/Star/Ophiuchi-8/
/lang/Family/LangFamily-Austro-Asiatic/index.{html} /lang/Family/LangFamily-Austro-Asiatic/
/lang/Lang-pa/index.{html} /lang/Lang-pa/
/North-America/United_States_of_America/North_Dakota/index.{html} /North-America/United_States_of_America/North_Dakota/
/astro/Star/Alnilam/index.{html} /astro/Star/Alnilam/
/astro/Star/Cebalrai/index.{html} /astro/Star/Cebalrai/
/astro/Star/Persei-20/index.{html} /astro/Star/Persei-20/
/chemic/Elements/Group-13-Boron/Boron/index.{html} /chemic/Elements/Group-13-Boron/Boron/
/chemic/Elements/Group-16-Chalcogene/Oxygen/index.{html} /chemic/Elements/Group-16-Chalcogene/Oxygen/
/chemic/Elements/Group-05-Vanadium/Dubnium/index.{html} /chemic/Elements/Group-05-Vanadium/Dubnium/
/North-America/Canada/State/State-Price_Edward_Island/index.{html} /North-America/Canada/State/State-Price_Edward_Island/
/North-America/United_States_of_America/Alabama/Montgomery/index.{html} /North-America/United_States_of_America/Alabama/Montgomery/
/astro/Star/Cassiopeiae-3/index.{html} /astro/Star/Cassiopeiae-3/
/astro/Star/Kaus_Borealis/index.{html} /astro/Star/Kaus_Borealis/
/astro/Star/Lupi-22/index.{html} /astro/Star/Lupi-22/
/astro/Star/Reticuli-2/index.{html} /astro/Star/Reticuli-2/
/North-America/Canada/State/State-New_Brunswick/index.{html} /North-America/Canada/State/State-New_Brunswick/
/North-America/United_States_of_America/North_Dakota/Bismarck/index.{html} /North-America/United_States_of_America/North_Dakota/Bismarck/
/astro/Star/Pherkad/index.{html} /astro/Star/Pherkad/
/chemic/Elements/Lanthanide-Group/Samarium/index.{html} /chemic/Elements/Lanthanide-Group/Samarium/
/astro/Zodiac/Zodiac-Pavo/index.{html} /astro/Zodiac/Zodiac-Pavo/
/astro/Zodiac/Zodiac-Vulpecula/index.{html} /astro/Zodiac/Zodiac-Vulpecula/
/notes/troubleshooting/index.{html} /notes/troubleshooting/
/North-America/Canada/NS~Halifax/index.{html} /North-America/Canada/NS~Halifax/
/astro/Star/Phurud/index.{html} /astro/Star/Phurud/
/astro/Star/Scorpii-7/index.{html} /astro/Star/Scorpii-7/
/astro/Star/Gruis-2/index.{html} /astro/Star/Gruis-2/
/astro/Star/Wezen/index.{html} /astro/Star/Wezen/
/notes/callouts/index.{html} /notes/callouts/
/North-America/United_States_of_America/Indiana/Indianapolis/index.{html} /North-America/United_States_of_America/Indiana/Indianapolis/
/astro/Star/Pegasi-9/index.{html} /astro/Star/Pegasi-9/
/astro/Zodiac/Zodiac-Triangulum/index.{html} /astro/Zodiac/Zodiac-Triangulum/
/lang/Lang/index.{html} /lang/Lang/
/astro/Star/Pyxidis-2/index.{html} /astro/Star/Pyxidis-2/
/North-America/United_States_of_America/New_York/Albany/index.{html} /North-America/United_States_of_America/New_York/Albany/
/North-America/United_States_of_America/New_York/Rochester_NY/index.{html} /North-America/United_States_of_America/New_York/Rochester_NY/
/astro/Star/Comae_Berenices-117/index.{html} /astro/Star/Comae_Berenices-117/
/astro/Star/Eridani-152/index.{html} /astro/Star/Eridani-152/
/astro/Star/Pegasi-10/index.{html} /astro/Star/Pegasi-10/
/astro/Star/Phoenicis-3/index.{html} /astro/Star/Phoenicis-3/
/North-America/Canada/SAS~Regina/index.{html} /North-America/Canada/SAS~Regina/
/North-America/United_States_of_America/Nebraska/Omaha/index.{html} /North-America/United_States_of_America/Nebraska/Omaha/
/astro/Star/Draconis-10/index.{html} /astro/Star/Draconis-10/
/astro/Star/Leonis-19/index.{html} /astro/Star/Leonis-19/
/astro/Star/Persei-7/index.{html} /astro/Star/Persei-7/
/astro/Star/Sagittae-1/index.{html} /astro/Star/Sagittae-1/
/astro/Star/Serpentis-159/index.{html} /astro/Star/Serpentis-159/
/North-America/United_States_of_America/Minnesota/St.Paul/index.{html} /North-America/United_States_of_America/Minnesota/St.Paul/
/North-America/United_States_of_America/New_Jersey/index.{html} /North-America/United_States_of_America/New_Jersey/
/astro/Star/Coronae_Australis-3/index.{html} /astro/Star/Coronae_Australis-3/
/astro/Star/Eridani-140/index.{html} /astro/Star/Eridani-140/
/astro/Star/Herculis-18/index.{html} /astro/Star/Herculis-18/
/astro/Star/Sadalbari/index.{html} /astro/Star/Sadalbari/
/astro/Star/Tania_Borealis/index.{html} /astro/Star/Tania_Borealis/
/lang/Family/LangFamily-Afro-Asiatic/index.{html} /lang/Family/LangFamily-Afro-Asiatic/
/astro/Star/Albireo/index.{html} /astro/Star/Albireo/
/astro/Star/Leonis-15/index.{html} /astro/Star/Leonis-15/
/astro/Star/Pavonis-7/index.{html} /astro/Star/Pavonis-7/
/astro/Star/Piscium-4/index.{html} /astro/Star/Piscium-4/
/North-America/United_States_of_America/Maine/Augusta/index.{html} /North-America/United_States_of_America/Maine/Augusta/
/astro/Star/Aquilae-112/index.{html} /astro/Star/Aquilae-112/
/astro/Star/Carinae-40/index.{html} /astro/Star/Carinae-40/
/astro/Star/Ceginus/index.{html} /astro/Star/Ceginus/
/astro/Star/Mensae-3/index.{html} /astro/Star/Mensae-3/
/astro/Star/Ophiuchi-6/index.{html} /astro/Star/Ophiuchi-6/
/chemic/Elements/Lanthanide-Group/Neodymium/index.{html} /chemic/Elements/Lanthanide-Group/Neodymium/
/astro/Star/Carinae-43/index.{html} /astro/Star/Carinae-43/
/astro/Star/Scheat/index.{html} /astro/Star/Scheat/
/astro/Zodiac/Zodiac-Cetus/index.{html} /astro/Zodiac/Zodiac-Cetus/
/astro/Star/Antliae-9/index.{html} /astro/Star/Antliae-9/
/astro/Star/Eridani-116/index.{html} /astro/Star/Eridani-116/
/astro/Star/Hydrae-154/index.{html} /astro/Star/Hydrae-154/
/astro/Star/Mirzam/index.{html} /astro/Star/Mirzam/
/astro/Zodiac/Zodiac-Lupus/index.{html} /astro/Zodiac/Zodiac-Lupus/
/astro/Star/Algorab/index.{html} /astro/Star/Algorab/
/astro/Star/Herculis-130/index.{html} /astro/Star/Herculis-130/
/astro/Star/Hydri-1/index.{html} /astro/Star/Hydri-1/
/astro/Star/Velorum-4/index.{html} /astro/Star/Velorum-4/
/North-America/United_States_of_America/Colorado/BethuneUSA/index.{html} /North-America/United_States_of_America/Colorado/BethuneUSA/
/astro/Star/Canum_Venaticorum-2/index.{html} /astro/Star/Canum_Venaticorum-2/
/astro/Star/Puppis-10/index.{html} /astro/Star/Puppis-10/
/astro/Star/Virginis-13/index.{html} /astro/Star/Virginis-13/
/astro/Zodiac/Zodiac-Musca/index.{html} /astro/Zodiac/Zodiac-Musca/
/lang/Lang-it/index.{html} /lang/Lang-it/
/astro/Star/Apodis-1/index.{html} /astro/Star/Apodis-1/
/astro/Star/Centauri-12/index.{html} /astro/Star/Centauri-12/
/astro/Star/Ceti-7/index.{html} /astro/Star/Ceti-7/
/astro/Star/Circini-2/index.{html} /astro/Star/Circini-2/
/astro/Star/Hydrae-12/index.{html} /astro/Star/Hydrae-12/
/chemic/Elements/Group-01-Alkali/Caesium/index.{html} /chemic/Elements/Group-01-Alkali/Caesium/
/astro/Star/Aldhafera/index.{html} /astro/Star/Aldhafera/
/astro/Star/Herculis-209/index.{html} /astro/Star/Herculis-209/
/astro/Star/Ursae_Majoris-178/index.{html} /astro/Star/Ursae_Majoris-178/
/astro/Zodiac/Zodiac-Ara/index.{html} /astro/Zodiac/Zodiac-Ara/
/chemic/Elements/Group-01-Alkali/Francium/index.{html} /chemic/Elements/Group-01-Alkali/Francium/
/astro/Star/Muphrid/index.{html} /astro/Star/Muphrid/
/astro/Star/Polaris/index.{html} /astro/Star/Polaris/
/astro/Class/Star-Class-M/index.{html} /astro/Class/Star-Class-M/
/astro/Star/Alnitak/index.{html} /astro/Star/Alnitak/
/astro/Star/Cephei-5/index.{html} /astro/Star/Cephei-5/
/astro/Star/Eridani-139/index.{html} /astro/Star/Eridani-139/
/astro/Star/Geminorum-14/index.{html} /astro/Star/Geminorum-14/
/astro/Star/Mirphak/index.{html} /astro/Star/Mirphak/
/astro/Star/Sagittarii-15/index.{html} /astro/Star/Sagittarii-15/
/astro/Star/Sextantis-2/index.{html} /astro/Star/Sextantis-2/
/North-America/United_States_of_America/South_Carolina/Columbia/index.{html} /North-America/United_States_of_America/South_Carolina/Columbia/
/astro/Star/Arcturus/index.{html} /astro/Star/Arcturus/
/astro/Star/Canum_Venaticorum-117/index.{html} /astro/Star/Canum_Venaticorum-117/
/astro/Star/Deneb/index.{html} /astro/Star/Deneb/
/astro/Star/Scorpii-17/index.{html} /astro/Star/Scorpii-17/
/astro/Star/Alfirk/index.{html} /astro/Star/Alfirk/
/astro/Star/Bootis-4/index.{html} /astro/Star/Bootis-4/
/astro/Star/Leonis_Minoris-15/index.{html} /astro/Star/Leonis_Minoris-15/
/astro/Star/Pavonis-5/index.{html} /astro/Star/Pavonis-5/
/North-America/United_States_of_America/Oregon/Portland/index.{html} /North-America/United_States_of_America/Oregon/Portland/
/astro/Star/Alula_Australis/index.{html} /astro/Star/Alula_Australis/
/astro/Star/Cephei-15/index.{html} /astro/Star/Cephei-15/
/astro/Star/Trianguli_Australis-4/index.{html} /astro/Star/Trianguli_Australis-4/
/astro/Zodiac/Zodiac-Lepus/index.{html} /astro/Zodiac/Zodiac-Lepus/
/lang/Lang-gr/index.{html} /lang/Lang-gr/
/astro/Star/Aquarii-4/index.{html} /astro/Star/Aquarii-4/
/astro/Star/Cancri-6/index.{html} /astro/Star/Cancri-6/
/astro/Star/Gruis-9/index.{html} /astro/Star/Gruis-9/
/astro/Star/Ophiuchi-10/index.{html} /astro/Star/Ophiuchi-10/
/astro/Star/Orionis-123/index.{html} /astro/Star/Orionis-123/
/astro/Zodiac/Zodiac-Fornax/index.{html} /astro/Zodiac/Zodiac-Fornax/
/chemic/Elements/Actinide-Group/Californium/index.{html} /chemic/Elements/Actinide-Group/Californium/
/chemic/Elements/Group-04-Titanium/Rutherfordium/index.{html} /chemic/Elements/Group-04-Titanium/Rutherfordium/
/astro/Star/Algol/index.{html} /astro/Star/Algol/
/astro/Star/Cassiopeiae-17/index.{html} /astro/Star/Cassiopeiae-17/
/astro/Star/Ceti-8/index.{html} /astro/Star/Ceti-8/
/astro/Star/Mensae-7/index.{html} /astro/Star/Mensae-7/
/astro/Star/Piscium-13/index.{html} /astro/Star/Piscium-13/
/astro/Star/Piscium-7/index.{html} /astro/Star/Piscium-7/
/chemic/Elements/_ElementTemplate/index.{html} /chemic/Elements/_ElementTemplate/
/astro/Zodiac/Zodiac-Vela/index.{html} /astro/Zodiac/Zodiac-Vela/
/North-America/United_States_of_America/West_Virginia/Charleston/index.{html} /North-America/United_States_of_America/West_Virginia/Charleston/
/astro/Class/Star-Class-K/index.{html} /astro/Class/Star-Class-K/
/astro/Star/Atair/index.{html} /astro/Star/Atair/
/astro/Star/Lupi-32/index.{html} /astro/Star/Lupi-32/
/astro/Star/Phact/index.{html} /astro/Star/Phact/
/astro/Star/Pictoris-1/index.{html} /astro/Star/Pictoris-1/
/astro/Star/Centauri-103/index.{html} /astro/Star/Centauri-103/
/astro/Star/Delphini-3/index.{html} /astro/Star/Delphini-3/
/astro/Star/Hydrae-4/index.{html} /astro/Star/Hydrae-4/
/astro/Star/Izar/index.{html} /astro/Star/Izar/
/astro/Zodiac/Zodiac-Antlia/index.{html} /astro/Zodiac/Zodiac-Antlia/
/astro/Zodiac/Zodiac-Hercules/index.{html} /astro/Zodiac/Zodiac-Hercules/
/North-America/United_States_of_America/South_Dakota/Wallace/index.{html} /North-America/United_States_of_America/South_Dakota/Wallace/
/North-America/Canada/Vancouver/index.{html} /North-America/Canada/Vancouver/
/astro/Star/Antliae-5/index.{html} /astro/Star/Antliae-5/
/astro/Star/Librae-18/index.{html} /astro/Star/Librae-18/
/astro/Star/Virginis-8/index.{html} /astro/Star/Virginis-8/
/astro/Zodiac/Zodiac-Canes_Venatici/index.{html} /astro/Zodiac/Zodiac-Canes_Venatici/
/North-America/United_States_of_America/California/Mt.Palomar/index.{html} /North-America/United_States_of_America/California/Mt.Palomar/
/astro/Star/Apodis-3/index.{html} /astro/Star/Apodis-3/
/astro/Star/Hamal/index.{html} /astro/Star/Hamal/
/astro/Star/Scuti-49/index.{html} /astro/Star/Scuti-49/
/astro/Zodiac/Zodiac-Aquila/index.{html} /astro/Zodiac/Zodiac-Aquila/
/astro/Zodiac/Zodiac-Caelum/index.{html} /astro/Zodiac/Zodiac-Caelum/
/astro/Star/Ursae_Majoris-124/index.{html} /astro/Star/Ursae_Majoris-124/
/notes/setup/index.{html} /notes/setup/
/astro/Zodiac/Zodiac-Leo/index.{html} /astro/Zodiac/Zodiac-Leo/
/chemic/Elements/Group-15-Nitrogen/Nitrogen/index.{html} /chemic/Elements/Group-15-Nitrogen/Nitrogen/
/North-America/United_States_of_America/Arkansas/Little_Rock/index.{html} /North-America/United_States_of_America/Arkansas/Little_Rock/
/North-America/United_States_of_America/Hawaii/Pearl_Harbor/index.{html} /North-America/United_States_of_America/Hawaii/Pearl_Harbor/
/astro/Star/Eridani-13/index.{html} /astro/Star/Eridani-13/
/astro/Star/Merak/index.{html} /astro/Star/Merak/
/astro/Star/Persei-3/index.{html} /astro/Star/Persei-3/
/astro/Star/Velorum-10/index.{html} /astro/Star/Velorum-10/
/chemic/Elements/Lanthanide-Group/Terbium/index.{html} /chemic/Elements/Lanthanide-Group/Terbium/
/North-America/Canada/Yellowknife/index.{html} /North-America/Canada/Yellowknife/
/North-America/United_States_of_America/California/Santa_Barbara/index.{html} /North-America/United_States_of_America/California/Santa_Barbara/
/astro/Star/Centauri-36/index.{html} /astro/Star/Centauri-36/
/astro/Star/Coronae_Borealis-5/index.{html} /astro/Star/Coronae_Borealis-5/
/astro/Star/Sagittarii-21/index.{html} /astro/Star/Sagittarii-21/
/astro/Star/Velorum-39/index.{html} /astro/Star/Velorum-39/
/README/index.{html} /README/
/astro/Star/Aurigae-5/index.{html} /astro/Star/Aurigae-5/
/astro/Star/Carinae-46/index.{html} /astro/Star/Carinae-46/
/astro/Star/Cassiopeiae-9/index.{html} /astro/Star/Cassiopeiae-9/
/astro/Star/Persei-4/index.{html} /astro/Star/Persei-4/
/astro/Star/Pyxidis-1/index.{html} /astro/Star/Pyxidis-1/
/astro/Star/Alnair/index.{html} /astro/Star/Alnair/
/astro/Star/Alnasl/index.{html} /astro/Star/Alnasl/
/astro/Star/Aquarii-204/index.{html} /astro/Star/Aquarii-204/
/astro/Star/Ceti-51/index.{html} /astro/Star/Ceti-51/
/astro/Star/Herculis-19/index.{html} /astro/Star/Herculis-19/
/astro/Star/Merope/index.{html} /astro/Star/Merope/
/astro/Star/Andromedae-151/index.{html} /astro/Star/Andromedae-151/
/astro/Star/Andromedae-6/index.{html} /astro/Star/Andromedae-6/
/chemic/Elements/Lanthanide-Group/Gadolinium/index.{html} /chemic/Elements/Lanthanide-Group/Gadolinium/
/North-America/United_States_of_America/Connecticut/index.{html} /North-America/United_States_of_America/Connecticut/
/astro/Star/Andromedae-20/index.{html} /astro/Star/Andromedae-20/
/astro/Star/Cephei-12/index.{html} /astro/Star/Cephei-12/
/astro/Star/Librae-19/index.{html} /astro/Star/Librae-19/
/astro/Star/Mensae-1/index.{html} /astro/Star/Mensae-1/
/astro/Star/Microscopii-1/index.{html} /astro/Star/Microscopii-1/
/astro/Star/Muscae-4/index.{html} /astro/Star/Muscae-4/
/astro/Star/Pegasi-101/index.{html} /astro/Star/Pegasi-101/
/North-America/United_States_of_America/Missouri/Kirksville/index.{html} /North-America/United_States_of_America/Missouri/Kirksville/
/astro/Star/Camelopardalis-2/index.{html} /astro/Star/Camelopardalis-2/
/astro/Star/Capricorni-24/index.{html} /astro/Star/Capricorni-24/
/astro/Star/Centauri-7/index.{html} /astro/Star/Centauri-7/
/astro/Star/Cephei-4/index.{html} /astro/Star/Cephei-4/
/astro/Star/Cephei-6/index.{html} /astro/Star/Cephei-6/
/astro/Star/Piscium-3/index.{html} /astro/Star/Piscium-3/
/North-America/United_States_of_America/Idaho/Boise/index.{html} /North-America/United_States_of_America/Idaho/Boise/
/astro/Zodiac/Zodiac-Apus/index.{html} /astro/Zodiac/Zodiac-Apus/
/notes/showcase/index.{html} /notes/showcase/
/North-America/Canada/State/State-Saskatchewan/index.{html} /North-America/Canada/State/State-Saskatchewan/
/North-America/United_States_of_America/Alaska/index.{html} /North-America/United_States_of_America/Alaska/
/North-America/United_States_of_America/North_Carolina/index.{html} /North-America/United_States_of_America/North_Carolina/
/astro/Star/Antliae-1/index.{html} /astro/Star/Antliae-1/
/astro/Star/Suhail_Al_Muhlif/index.{html} /astro/Star/Suhail_Al_Muhlif/
/astro/Zodiac/Zodiac-Columba/index.{html} /astro/Zodiac/Zodiac-Columba/
/astro/Star/Hydrae-18/index.{html} /astro/Star/Hydrae-18/
/astro/Star/Tauri-147/index.{html} /astro/Star/Tauri-147/
/astro/Zodiac/Zodiac-Sculptor/index.{html} /astro/Zodiac/Zodiac-Sculptor/
/chemic/Elements/Group-17-Halogene/Bromine/index.{html} /chemic/Elements/Group-17-Halogene/Bromine/
/astro/Zodiac/Zodiac-Gemini/index.{html} /astro/Zodiac/Zodiac-Gemini/
/index.html /
/astro/Star/Capricorni-8/index.{html} /astro/Star/Capricorni-8/
/astro/Star/Leonis-17/index.{html} /astro/Star/Leonis-17/
/astro/Star/Markab/index.{html} /astro/Star/Markab/
/astro/Star/Pavonis-10/index.{html} /astro/Star/Pavonis-10/
/astro/Star/Puppis-18/index.{html} /astro/Star/Puppis-18/
/astro/Star/Hydrae-49/index.{html} /astro/Star/Hydrae-49/
/astro/Star/Ophiuchi-15/index.{html} /astro/Star/Ophiuchi-15/
/astro/Star/P_Cygni/index.{html} /astro/Star/P_Cygni/
/astro/Star/Yed_Prior/index.{html} /astro/Star/Yed_Prior/
/astro/Star/Lupi-7/index.{html} /astro/Star/Lupi-7/
/astro/Star/Sextantis-1/index.{html} /astro/Star/Sextantis-1/
/Code_of_Conduct/index.{html} /Code_of_Conduct/
/North-America/Canada/State/State-Newfoundland/index.{html} /North-America/Canada/State/State-Newfoundland/
/North-America/United_States_of_America/California/San_Francisco/index.{html} /North-America/United_States_of_America/California/San_Francisco/
/North-America/United_States_of_America/Kentucky/Frankfort/index.{html} /North-America/United_States_of_America/Kentucky/Frankfort/
/North-America/United_States_of_America/Missouri/index.{html} /North-America/United_States_of_America/Missouri/
/North-America/United_States_of_America/Washington/Tacoma/index.{html} /North-America/United_States_of_America/Washington/Tacoma/
/astro/Star/Tauri-188/index.{html} /astro/Star/Tauri-188/
/chemic/Elements/Group-08-Iron/Iron/index.{html} /chemic/Elements/Group-08-Iron/Iron/
/astro/Class/Star-Class-R/index.{html} /astro/Class/Star-Class-R/
/astro/Star/Centauri-8/index.{html} /astro/Star/Centauri-8/
/astro/Zodiac/Zodiac-Reticulum/index.{html} /astro/Zodiac/Zodiac-Reticulum/
/North-America/United_States_of_America/Wyoming/Cheyenne/index.{html} /North-America/United_States_of_America/Wyoming/Cheyenne/
/astro/Star/Cassiopeiae-148/index.{html} /astro/Star/Cassiopeiae-148/
/astro/Star/Piscium-14/index.{html} /astro/Star/Piscium-14/
/chemic/Elements/Lanthanide-Group/Promethium/index.{html} /chemic/Elements/Lanthanide-Group/Promethium/
/lang/Lang-zh/index.{html} /lang/Lang-zh/
/astro/Zodiac/Zodiac-Phoenix/index.{html} /astro/Zodiac/Zodiac-Phoenix/
/North-America/United_States_of_America/Kansas/index.{html} /North-America/United_States_of_America/Kansas/
/astro/Star/Andromedae-12/index.{html} /astro/Star/Andromedae-12/
/astro/Star/Aquarii-7/index.{html} /astro/Star/Aquarii-7/
/astro/Star/Aquilae-11/index.{html} /astro/Star/Aquilae-11/
/astro/Star/Piscium-119/index.{html} /astro/Star/Piscium-119/
/astro/Star/Sagittae-2/index.{html} /astro/Star/Sagittae-2/
/astro/Star/Columbae-5/index.{html} /astro/Star/Columbae-5/
/astro/Star/Zaurak/index.{html} /astro/Star/Zaurak/
/astro/Star/Baham/index.{html} /astro/Star/Baham/
/astro/Star/Eridani-9/index.{html} /astro/Star/Eridani-9/
/astro/Star/Menkib/index.{html} /astro/Star/Menkib/
/astro/Star/Scorpii-10/index.{html} /astro/Star/Scorpii-10/
/astro/Star/Velorum-43/index.{html} /astro/Star/Velorum-43/
/astro/Zodiac/Zodiac-Cygnus/index.{html} /astro/Zodiac/Zodiac-Cygnus/
/astro/Star/Hydri-3/index.{html} /astro/Star/Hydri-3/
/astro/Star/Reticuli-5/index.{html} /astro/Star/Reticuli-5/
/astro/Star/Scorpii-30/index.{html} /astro/Star/Scorpii-30/
/astro/Star/Alioth/index.{html} /astro/Star/Alioth/
/astro/Star/Altais/index.{html} /astro/Star/Altais/
/astro/Star/Arae-1/index.{html} /astro/Star/Arae-1/
/astro/Star/Arietis-11/index.{html} /astro/Star/Arietis-11/
/astro/Star/Capricorni-17/index.{html} /astro/Star/Capricorni-17/
/astro/Star/Puppis-48/index.{html} /astro/Star/Puppis-48/
/astro/Star/Alkaid/index.{html} /astro/Star/Alkaid/
/astro/Star/Aquilae-6/index.{html} /astro/Star/Aquilae-6/
/astro/Star/Coronae_Borealis-7/index.{html} /astro/Star/Coronae_Borealis-7/
/astro/Star/Trianguli-3/index.{html} /astro/Star/Trianguli-3/
/chemic/Elements/Group-02-Earth-Alkaline/Calcium/index.{html} /chemic/Elements/Group-02-Earth-Alkaline/Calcium/
/chemic/Elements/Group-10-Nickel/Platinum/index.{html} /chemic/Elements/Group-10-Nickel/Platinum/
/North-America/United_States_of_America/Florida/index.{html} /North-America/United_States_of_America/Florida/
/astro/Star/Atlas/index.{html} /astro/Star/Atlas/
/astro/Star/Centauri-58/index.{html} /astro/Star/Centauri-58/
/astro/Star/Cor_Caroli/index.{html} /astro/Star/Cor_Caroli/
/chemic/Elements/Group-11-Copper/Gold/index.{html} /chemic/Elements/Group-11-Copper/Gold/
/astro/Class/Star-Class-G/index.{html} /astro/Class/Star-Class-G/
/astro/Star/Diadem/index.{html} /astro/Star/Diadem/
/astro/Star/Leporis-3/index.{html} /astro/Star/Leporis-3/
/astro/Star/Mebsuta/index.{html} /astro/Star/Mebsuta/
/astro/Zodiac/Zodiac-Octans/index.{html} /astro/Zodiac/Zodiac-Octans/
/chemic/Elements/Group-07-Manganese/Rhenium/index.{html} /chemic/Elements/Group-07-Manganese/Rhenium/
/North-America/United_States_of_America/Washington/Olympia/index.{html} /North-America/United_States_of_America/Washington/Olympia/
/North-America/United_States_of_America/Wyoming/index.{html} /North-America/United_States_of_America/Wyoming/
/astro/Star/Columbae-2/index.{html} /astro/Star/Columbae-2/
/astro/Star/Cursa/index.{html} /astro/Star/Cursa/
/astro/Star/Centauri-19/index.{html} /astro/Star/Centauri-19/
/astro/Star/Cygni-8/index.{html} /astro/Star/Cygni-8/
/chemic/Elements/Group-13-Boron/Aluminium/index.{html} /chemic/Elements/Group-13-Boron/Aluminium/
/chemic/Elements/Group-14-Carbon/Silicon/index.{html} /chemic/Elements/Group-14-Carbon/Silicon/
/astro/Star/Alphard/index.{html} /astro/Star/Alphard/
/North-America/United_States_of_America/Illinois/index.{html} /North-America/United_States_of_America/Illinois/
/astro/Star/Carinae-8/index.{html} /astro/Star/Carinae-8/
/astro/Star/Centauri-16/index.{html} /astro/Star/Centauri-16/
/astro/Star/Crateris-3/index.{html} /astro/Star/Crateris-3/
/astro/Star/Geminorum-138/index.{html} /astro/Star/Geminorum-138/
/lang/Family/LangFamily-TaiKadai/index.{html} /lang/Family/LangFamily-TaiKadai/
/North-America/United_States_of_America/South_Carolina/index.{html} /North-America/United_States_of_America/South_Carolina/
/astro/Star/Apodis-4/index.{html} /astro/Star/Apodis-4/
/astro/Star/Aquarii-198/index.{html} /astro/Star/Aquarii-198/
/astro/Star/Columbae-7/index.{html} /astro/Star/Columbae-7/
/astro/Star/Eridani-22/index.{html} /astro/Star/Eridani-22/
/notes/CJK-+-Latex-Support-%E6%B5%8B%E8%AF%95/index.{html} /notes/CJK-+-Latex-Support-%E6%B5%8B%E8%AF%95/
/astro/Star/Andromedae-11/index.{html} /astro/Star/Andromedae-11/
/astro/Star/Capella/index.{html} /astro/Star/Capella/
/astro/Star/Eridani-138/index.{html} /astro/Star/Eridani-138/
/astro/Star/Puppis-35/index.{html} /astro/Star/Puppis-35/
/astro/Star/Scuti-2/index.{html} /astro/Star/Scuti-2/
/astro/Star/Talitha/index.{html} /astro/Star/Talitha/
/notes/philosophy/index.{html} /notes/philosophy/
/North-America/United_States_of_America/Maryland/Forest_Hill/index.{html} /North-America/United_States_of_America/Maryland/Forest_Hill/
/North-America/United_States_of_America/Michigan/Grand_Rapids/index.{html} /North-America/United_States_of_America/Michigan/Grand_Rapids/
/North-America/United_States_of_America/Utah/index.{html} /North-America/United_States_of_America/Utah/
/North-America/United_States_of_America/Virginia/Richmond/index.{html} /North-America/United_States_of_America/Virginia/Richmond/
/astro/Star/Lacertae-102/index.{html} /astro/Star/Lacertae-102/
/astro/Star/Leonis-9/index.{html} /astro/Star/Leonis-9/
/North-America/United_States_of_America/Nevada/index.{html} /North-America/United_States_of_America/Nevada/
/North-America/United_States_of_America/New_Jersey/Penns_Grove/index.{html} /North-America/United_States_of_America/New_Jersey/Penns_Grove/
/astro/Star/Centauri-6/index.{html} /astro/Star/Centauri-6/
/astro/Star/Ceti-20/index.{html} /astro/Star/Ceti-20/
/astro/Star/Ceti-9/index.{html} /astro/Star/Ceti-9/
/astro/Star/Carinae-35/index.{html} /astro/Star/Carinae-35/
/astro/Star/Puppis-6/index.{html} /astro/Star/Puppis-6/
/astro/Star/Virginis-209/index.{html} /astro/Star/Virginis-209/
/astro/Star/Pleione/index.{html} /astro/Star/Pleione/
/North-America/United_States_of_America/Wisconsin/index.{html} /North-America/United_States_of_America/Wisconsin/
/astro/Star/Centauri-11/index.{html} /astro/Star/Centauri-11/
/astro/Star/Cygni-11/index.{html} /astro/Star/Cygni-11/
/astro/Star/Draconis-7/index.{html} /astro/Star/Draconis-7/
/astro/Star/Hydrae-14/index.{html} /astro/Star/Hydrae-14/
/astro/Star/Leonis-49/index.{html} /astro/Star/Leonis-49/
/North-America/United_States_of_America/Minnesota/Minneapolis/index.{html} /North-America/United_States_of_America/Minnesota/Minneapolis/
/astro/Star/Andromedae-9/index.{html} /astro/Star/Andromedae-9/
/astro/Star/Arae-60/index.{html} /astro/Star/Arae-60/
/astro/Star/Ophiuchi-22/index.{html} /astro/Star/Ophiuchi-22/
/astro/Star/Sheliak/index.{html} /astro/Star/Sheliak/
/astro/Star/Velorum-47/index.{html} /astro/Star/Velorum-47/
/North-America/United_States_of_America/Washington/index.{html} /North-America/United_States_of_America/Washington/
/astro/Star/Alula_Borealis/index.{html} /astro/Star/Alula_Borealis/
/astro/Star/Bootis-144/index.{html} /astro/Star/Bootis-144/
/astro/Star/Centauri-9/index.{html} /astro/Star/Centauri-9/
/astro/Star/Lupi-10/index.{html} /astro/Star/Lupi-10/
/chemic/Elements/README/index.{html} /chemic/Elements/README/
/astro/Star/Vindemiatrix/index.{html} /astro/Star/Vindemiatrix/
/astro/Zodiac/Zodiac-Mensa/index.{html} /astro/Zodiac/Zodiac-Mensa/
/North-America/United_States_of_America/Tennessee/Knoxville/index.{html} /North-America/United_States_of_America/Tennessee/Knoxville/
/North-America/United_States_of_America/Texas/Dallas/index.{html} /North-America/United_States_of_America/Texas/Dallas/
/astro/Star/Andromedae-156/index.{html} /astro/Star/Andromedae-156/
/astro/Star/Comae_Berenices-135/index.{html} /astro/Star/Comae_Berenices-135/
/astro/Star/Matar/index.{html} /astro/Star/Matar/
/astro/Star/Ophiuchi-172/index.{html} /astro/Star/Ophiuchi-172/
/chemic/Elements/Group-12-Zinc/Mercury/index.{html} /chemic/Elements/Group-12-Zinc/Mercury/
/chemic/Elements/Group-18-Nobel-Gases/Argon/index.{html} /chemic/Elements/Group-18-Nobel-Gases/Argon/
/lang/Lang-de/index.{html} /lang/Lang-de/
/astro/Star/Cephei-7/index.{html} /astro/Star/Cephei-7/
/astro/Star/Eridani-7/index.{html} /astro/Star/Eridani-7/
/astro/Star/Herculis-168/index.{html} /astro/Star/Herculis-168/
/astro/Star/Lacertae-105/index.{html} /astro/Star/Lacertae-105/
/astro/Star/Ophiuchi-19/index.{html} /astro/Star/Ophiuchi-19/
/chemic/Elements/Group-17-Halogene/Iodine/index.{html} /chemic/Elements/Group-17-Halogene/Iodine/
/astro/Star/Hydrae-8/index.{html} /astro/Star/Hydrae-8/
/astro/Star/Puppis-20/index.{html} /astro/Star/Puppis-20/
/chemic/Elements/Group-01-Alkali/Hydrogenium/index.{html} /chemic/Elements/Group-01-Alkali/Hydrogenium/
/lang/Lang-yu/index.{html} /lang/Lang-yu/
/North-America/Canada/Toronto/index.{html} /North-America/Canada/Toronto/
/North-America/United_States_of_America/Nebraska/Lincoln/index.{html} /North-America/United_States_of_America/Nebraska/Lincoln/
/North-America/United_States_of_America/Nevada/Carson_City/index.{html} /North-America/United_States_of_America/Nevada/Carson_City/
/astro/Star/Hydrae-9/index.{html} /astro/Star/Hydrae-9/
/North-America/United_States_of_America/California/Merced/index.{html} /North-America/United_States_of_America/California/Merced/
/astro/Star/Andromedae-4/index.{html} /astro/Star/Andromedae-4/
/astro/Star/Kaus_Media/index.{html} /astro/Star/Kaus_Media/
/astro/Star/Phoenicis-4/index.{html} /astro/Star/Phoenicis-4/
/astro/Star/Tauri-6/index.{html} /astro/Star/Tauri-6/
/chemic/Elements/Group-06-Chromium/Tungsten/index.{html} /chemic/Elements/Group-06-Chromium/Tungsten/
/North-America/United_States_of_America/Wisconsin/Madison/index.{html} /North-America/United_States_of_America/Wisconsin/Madison/
/astro/Star/Aurigae-9/index.{html} /astro/Star/Aurigae-9/
/astro/Star/Camelopardalis-111/index.{html} /astro/Star/Camelopardalis-111/
/astro/Star/Prokyon/index.{html} /astro/Star/Prokyon/
/astro/Zodiac/Zodiac-Pictor/index.{html} /astro/Zodiac/Zodiac-Pictor/
/chemic/Elements/Group-13-Boron/Thallium/index.{html} /chemic/Elements/Group-13-Boron/Thallium/
/North-America/United_States_of_America/Illinois/Bloomingtown/index.{html} /North-America/United_States_of_America/Illinois/Bloomingtown/
/North-America/United_States_of_America/West_Virginia/index.{html} /North-America/United_States_of_America/West_Virginia/
/astro/Star/Aquarii-6/index.{html} /astro/Star/Aquarii-6/
/astro/Star/Pegasi-16/index.{html} /astro/Star/Pegasi-16/
/astro/Star/Ursae_Minoris-4/index.{html} /astro/Star/Ursae_Minoris-4/
/chemic/Elements/Group-02-Earth-Alkaline/Beryllium/index.{html} /chemic/Elements/Group-02-Earth-Alkaline/Beryllium/
/North-America/United_States_of_America/North_Carolina/Raleigh/index.{html} /North-America/United_States_of_America/North_Carolina/Raleigh/
/astro/Star/Cassiopeiae-104/index.{html} /astro/Star/Cassiopeiae-104/
/astro/Star/Hydrae-5/index.{html} /astro/Star/Hydrae-5/
/astro/Star/Puppis-33/index.{html} /astro/Star/Puppis-33/
/astro/Star/Ursae_Minoris-6/index.{html} /astro/Star/Ursae_Minoris-6/
/chemic/Elements/Actinide-Group/Curium/index.{html} /chemic/Elements/Actinide-Group/Curium/
/astro/Zodiac/Zodiac-Horologium/index.{html} /astro/Zodiac/Zodiac-Horologium/
/North-America/United_States_of_America/Illinois/Tampico/index.{html} /North-America/United_States_of_America/Illinois/Tampico/
/astro/Star/Algieba/index.{html} /astro/Star/Algieba/
/astro/Star/Eridani-5/index.{html} /astro/Star/Eridani-5/
/astro/Star/Herculis-3/index.{html} /astro/Star/Herculis-3/
/astro/Star/Phoenicis-10/index.{html} /astro/Star/Phoenicis-10/
/astro/Star/Yed_Posterior/index.{html} /astro/Star/Yed_Posterior/
/North-America/United_States_of_America/Indiana/Fairmount/index.{html} /North-America/United_States_of_America/Indiana/Fairmount/
/astro/Star/Centauri-15/index.{html} /astro/Star/Centauri-15/
/astro/Star/Kitalphar/index.{html} /astro/Star/Kitalphar/
/astro/Star/Sextantis-3/index.{html} /astro/Star/Sextantis-3/
/astro/Zodiac/Zodiac-Delphinus/index.{html} /astro/Zodiac/Zodiac-Delphinus/
/astro/Star/Aquilae-8/index.{html} /astro/Star/Aquilae-8/
/astro/Star/Draconis-12/index.{html} /astro/Star/Draconis-12/
/astro/Star/Hydrae-3/index.{html} /astro/Star/Hydrae-3/
/astro/Star/Lacertae-2/index.{html} /astro/Star/Lacertae-2/
/astro/Star/Nekkar/index.{html} /astro/Star/Nekkar/
/lang/Lang-hi/index.{html} /lang/Lang-hi/
/chemic/Elements/Group-18-Nobel-Gases/Neon/index.{html} /chemic/Elements/Group-18-Nobel-Gases/Neon/
/North-America/United_States_of_America/Mississippi/Jackson/index.{html} /North-America/United_States_of_America/Mississippi/Jackson/
/astro/Star/Centauri-10/index.{html} /astro/Star/Centauri-10/
/astro/Star/Coronae_Borealis-6/index.{html} /astro/Star/Coronae_Borealis-6/
/astro/Star/Cygni-14/index.{html} /astro/Star/Cygni-14/
/astro/Star/Cygni-141/index.{html} /astro/Star/Cygni-141/
/astro/Star/Sagittae-3/index.{html} /astro/Star/Sagittae-3/
/astro/Star/Alkes/index.{html} /astro/Star/Alkes/
/astro/Star/Cassiopeiae-5/index.{html} /astro/Star/Cassiopeiae-5/
/astro/Star/Ceti-4/index.{html} /astro/Star/Ceti-4/
/astro/Star/Lyrae-10/index.{html} /astro/Star/Lyrae-10/
/North-America/United_States_of_America/Tennessee/index.{html} /North-America/United_States_of_America/Tennessee/
/North-America/United_States_of_America/_CityDB/index.{html} /North-America/United_States_of_America/_CityDB/
/astro/Star/Maia/index.{html} /astro/Star/Maia/
/astro/Star/Sculptoris-2/index.{html} /astro/Star/Sculptoris-2/
/astro/Zodiac/Zodiac-Norma/index.{html} /astro/Zodiac/Zodiac-Norma/
/North-America/United_States_of_America/Kentucky/index.{html} /North-America/United_States_of_America/Kentucky/
/astro/Star/Carinae-9/index.{html} /astro/Star/Carinae-9/
/astro/Star/Capricorni-23/index.{html} /astro/Star/Capricorni-23/
/astro/Star/Librae-20/index.{html} /astro/Star/Librae-20/
/astro/Star/Ruchbah/index.{html} /astro/Star/Ruchbah/
/astro/Zodiac/Zodiac-Capricornus/index.{html} /astro/Zodiac/Zodiac-Capricornus/
/North-America/United_States_of_America/Arizona/Phoenix/index.{html} /North-America/United_States_of_America/Arizona/Phoenix/
/North-America/United_States_of_America/Illinois/Alton/index.{html} /North-America/United_States_of_America/Illinois/Alton/
/astro/Star/Alcor/index.{html} /astro/Star/Alcor/
/astro/Star/Carinae-37/index.{html} /astro/Star/Carinae-37/
/astro/Star/Cephei-14/index.{html} /astro/Star/Cephei-14/
/astro/Star/Mimosa/index.{html} /astro/Star/Mimosa/
/astro/Zodiac/Zodiac-Microscopium/index.{html} /astro/Zodiac/Zodiac-Microscopium/
/chemic/Elements/Group-03-Scandium/Lanthanum/index.{html} /chemic/Elements/Group-03-Scandium/Lanthanum/
/astro/Star/Centauri-31/index.{html} /astro/Star/Centauri-31/
/astro/Star/Crateris-4/index.{html} /astro/Star/Crateris-4/
/astro/Star/Gruis-5/index.{html} /astro/Star/Gruis-5/
/astro/Star/Velorum-23/index.{html} /astro/Star/Velorum-23/
/lang/Lang-bn/index.{html} /lang/Lang-bn/
/astro/Class/Star-Class-T/index.{html} /astro/Class/Star-Class-T/
/astro/Star/Atik/index.{html} /astro/Star/Atik/
/astro/Star/Corvi-2/index.{html} /astro/Star/Corvi-2/
/astro/Star/Hydrae-11/index.{html} /astro/Star/Hydrae-11/
/astro/Star/Monocerotis-3/index.{html} /astro/Star/Monocerotis-3/
/astro/Star/Piscium-2/index.{html} /astro/Star/Piscium-2/
/North-America/Canada/State/State-British_Columbia/index.{html} /North-America/Canada/State/State-British_Columbia/
/North-America/United_States_of_America/Missouri/Tupelo/index.{html} /North-America/United_States_of_America/Missouri/Tupelo/
/astro/Star/Centauri-5/index.{html} /astro/Star/Centauri-5/
/astro/Zodiac/Zodiac-Crater/index.{html} /astro/Zodiac/Zodiac-Crater/
/astro/Zodiac/_Zodiac-Template/index.{html} /astro/Zodiac/_Zodiac-Template/
/astro/Star/Alkalurops/index.{html} /astro/Star/Alkalurops/
/astro/Star/Aludra/index.{html} /astro/Star/Aludra/
/astro/Star/Eridani-127/index.{html} /astro/Star/Eridani-127/
/astro/Star/Eridani-132/index.{html} /astro/Star/Eridani-132/
/astro/Star/Gomeisa/index.{html} /astro/Star/Gomeisa/
/astro/Star/Velorum-35/index.{html} /astro/Star/Velorum-35/
/astro/Star/Tauri-13/index.{html} /astro/Star/Tauri-13/
/North-America/USA_minor_outlying_Islands/index.{html} /North-America/USA_minor_outlying_Islands/
/North-America/United_States_of_America/South_Dakota/Pierre/index.{html} /North-America/United_States_of_America/South_Dakota/Pierre/
/astro/Star/Cassiopeiae-21/index.{html} /astro/Star/Cassiopeiae-21/
/astro/Star/Geminorum-10/index.{html} /astro/Star/Geminorum-10/
/astro/Star/Lyncis-131/index.{html} /astro/Star/Lyncis-131/
/astro/Star/Scorpii-14/index.{html} /astro/Star/Scorpii-14/
/astro/Star/Bootis-16/index.{html} /astro/Star/Bootis-16/
/astro/Star/Centauri-4/index.{html} /astro/Star/Centauri-4/
/astro/Star/Scorpii-28/index.{html} /astro/Star/Scorpii-28/
/astro/Zodiac/Zodiac-Volans/index.{html} /astro/Zodiac/Zodiac-Volans/
/North-America/United_States_of_America/Nebraska/Winnetoon/index.{html} /North-America/United_States_of_America/Nebraska/Winnetoon/
/North-America/United_States_of_America/Washington/Seattle/index.{html} /North-America/United_States_of_America/Washington/Seattle/
/astro/Star/Cygni-13/index.{html} /astro/Star/Cygni-13/
/astro/Star/Geminorum-20/index.{html} /astro/Star/Geminorum-20/
/astro/Star/Marfik/index.{html} /astro/Star/Marfik/
/astro/Star/Nunki/index.{html} /astro/Star/Nunki/
/astro/Star/Tania_Australis/index.{html} /astro/Star/Tania_Australis/
/chemic/Elements/Group-11-Copper/Copper/index.{html} /chemic/Elements/Group-11-Copper/Copper/
/chemic/Elements/Group-14-Carbon/Lead/index.{html} /chemic/Elements/Group-14-Carbon/Lead/
/lang/Lang-mr/index.{html} /lang/Lang-mr/
/astro/Star/Capricorni-6/index.{html} /astro/Star/Capricorni-6/
/astro/Star/Chaph/index.{html} /astro/Star/Chaph/
/astro/Star/TV_Piscium/index.{html} /astro/Star/TV_Piscium/
/astro/Star/Velorum-34/index.{html} /astro/Star/Velorum-34/
/astro/Star/Cassiopeiae-150/index.{html} /astro/Star/Cassiopeiae-150/
/astro/Star/Herculis-8/index.{html} /astro/Star/Herculis-8/
/astro/Star/Horologii-1/index.{html} /astro/Star/Horologii-1/
/astro/Star/Pegasi-14/index.{html} /astro/Star/Pegasi-14/
/chemic/Elements/Group-18-Nobel-Gases/Xenon/index.{html} /chemic/Elements/Group-18-Nobel-Gases/Xenon/
/North-America/United_States_of_America/Alaska/Juneau/index.{html} /North-America/United_States_of_America/Alaska/Juneau/
/astro/Zodiac/Zodiac-Centaurus/index.{html} /astro/Zodiac/Zodiac-Centaurus/
/chemic/Elements/Actinide-Group/Fermium/index.{html} /chemic/Elements/Actinide-Group/Fermium/
/astro/Star/Capricorni-3/index.{html} /astro/Star/Capricorni-3/
/astro/Star/Cassiopeiae-6/index.{html} /astro/Star/Cassiopeiae-6/
/astro/Star/Piscium-24/index.{html} /astro/Star/Piscium-24/
/chemic/Elements/Group-16-Chalcogene/Sulfur/index.{html} /chemic/Elements/Group-16-Chalcogene/Sulfur/
/North-America/United_States_of_America/Massachusetts/Lowell/index.{html} /North-America/United_States_of_America/Massachusetts/Lowell/
/North-America/United_States_of_America/New_Mexico/Santa_Fe/index.{html} /North-America/United_States_of_America/New_Mexico/Santa_Fe/
/astro/Star/Aurigae-8/index.{html} /astro/Star/Aurigae-8/
/astro/Star/Giauzar/index.{html} /astro/Star/Giauzar/
/astro/Star/Tauri-177/index.{html} /astro/Star/Tauri-177/
/astro/Star/Acrux/index.{html} /astro/Star/Acrux/
/astro/Star/Herculis-9/index.{html} /astro/Star/Herculis-9/
/astro/Star/Kochab/index.{html} /astro/Star/Kochab/
/astro/Star/Orionis-8/index.{html} /astro/Star/Orionis-8/
/chemic/Elements/Group-09-Cobalt/Iridium/index.{html} /chemic/Elements/Group-09-Cobalt/Iridium/
/lang/Family/LangFamily-EskimoAleut/index.{html} /lang/Family/LangFamily-EskimoAleut/
/North-America/United_States_of_America/New_Hampshire/index.{html} /North-America/United_States_of_America/New_Hampshire/
/astro/Star/Equulei-3/index.{html} /astro/Star/Equulei-3/
/astro/Star/Lyrae-5/index.{html} /astro/Star/Lyrae-5/
/astro/Star/Muscae-3/index.{html} /astro/Star/Muscae-3/
/astro/Star/Sulaphat/index.{html} /astro/Star/Sulaphat/
/astro/Star/Ursae_Majoris-23/index.{html} /astro/Star/Ursae_Majoris-23/
/astro/Star/Asellus_Borealis/index.{html} /astro/Star/Asellus_Borealis/
/astro/Star/Bootis-10/index.{html} /astro/Star/Bootis-10/
/astro/Star/Lupi-36/index.{html} /astro/Star/Lupi-36/
/astro/Zodiac/Zodiac-Canis_Major/index.{html} /astro/Zodiac/Zodiac-Canis_Major/
/North-America/United_States_of_America/Ohio/Cincinnatti/index.{html} /North-America/United_States_of_America/Ohio/Cincinnatti/
/North-America/United_States_of_America/Utah/Salt_Lake_City/index.{html} /North-America/United_States_of_America/Utah/Salt_Lake_City/
/astro/Star/Sagittarii-144/index.{html} /astro/Star/Sagittarii-144/
/astro/Star/Sargas/index.{html} /astro/Star/Sargas/
/astro/Star/Scorpii-9/index.{html} /astro/Star/Scorpii-9/
/astro/Star/Aurigae-4/index.{html} /astro/Star/Aurigae-4/
/astro/Star/Beteigeuze/index.{html} /astro/Star/Beteigeuze/
/astro/Star/Coronae_Australis-1/index.{html} /astro/Star/Coronae_Australis-1/
/astro/Star/Orionis-103/index.{html} /astro/Star/Orionis-103/
/astro/Star/Sirrah/index.{html} /astro/Star/Sirrah/
/astro/Star/Trianguli-2/index.{html} /astro/Star/Trianguli-2/
/astro/Class/Star-Class-F/index.{html} /astro/Class/Star-Class-F/
/astro/Star/Capricorni-2/index.{html} /astro/Star/Capricorni-2/
/astro/Star/Herculis-15/index.{html} /astro/Star/Herculis-15/
/astro/Star/Microscopii-8/index.{html} /astro/Star/Microscopii-8/
/astro/Zodiac/Zodiac-Lacerta/index.{html} /astro/Zodiac/Zodiac-Lacerta/
/chemic/Elements/Actinide-Group/Americium/index.{html} /chemic/Elements/Actinide-Group/Americium/
/astro/Star/Aurigae-13/index.{html} /astro/Star/Aurigae-13/
/astro/Star/Geminorum-17/index.{html} /astro/Star/Geminorum-17/
/astro/Star/Lupi-5/index.{html} /astro/Star/Lupi-5/
/chemic/Elements/Group-10-Nickel/Palladium/index.{html} /chemic/Elements/Group-10-Nickel/Palladium/
/astro/Star/Pyxidis-3/index.{html} /astro/Star/Pyxidis-3/
/North-America/Saint-Pierre-et-Miquelon/Saint-Pierre/index.{html} /North-America/Saint-Pierre-et-Miquelon/Saint-Pierre/
/North-America/United_States_of_America/New_Jersey/Hackensack/index.{html} /North-America/United_States_of_America/New_Jersey/Hackensack/
/astro/Star/Arae-7/index.{html} /astro/Star/Arae-7/
/astro/Star/Asellus_Australis/index.{html} /astro/Star/Asellus_Australis/
/astro/Star/Lupi-9/index.{html} /astro/Star/Lupi-9/
/astro/Star/Muscae-11/index.{html} /astro/Star/Muscae-11/
/astro/Star/Chamaeleontis-1/index.{html} /astro/Star/Chamaeleontis-1/
/astro/Star/Herculis-17/index.{html} /astro/Star/Herculis-17/
/North-America/United_States_of_America/Illinois/Springfield/index.{html} /North-America/United_States_of_America/Illinois/Springfield/
/North-America/United_States_of_America/New_York/index.{html} /North-America/United_States_of_America/New_York/
/North-America/United_States_of_America/Pennsylvania/index.{html} /North-America/United_States_of_America/Pennsylvania/
/astro/Star/Alcyone/index.{html} /astro/Star/Alcyone/
/astro/Star/Alya/index.{html} /astro/Star/Alya/
/astro/Star/Carinae-38/index.{html} /astro/Star/Carinae-38/
/astro/Star/Puppis-16/index.{html} /astro/Star/Puppis-16/
/astro/Star/Tauri-5/index.{html} /astro/Star/Tauri-5/
/lang/Family/LangFamily-Dravidian/index.{html} /lang/Family/LangFamily-Dravidian/
/astro/Star/Cygni-10/index.{html} /astro/Star/Cygni-10/
/astro/Star/Scorpii-18/index.{html} /astro/Star/Scorpii-18/
/astro/Star/Scorpii-55/index.{html} /astro/Star/Scorpii-55/
/astro/Star/Virginis-12/index.{html} /astro/Star/Virginis-12/
/chemic/Elements/Group-16-Chalcogene/Selenium/index.{html} /chemic/Elements/Group-16-Chalcogene/Selenium/
/lang/Family/LangFamily-Nilo-Saharan/index.{html} /lang/Family/LangFamily-Nilo-Saharan/
/astro/Star/Lyrae-113/index.{html} /astro/Star/Lyrae-113/
/chemic/Elements/Group-01-Alkali/Potassium/index.{html} /chemic/Elements/Group-01-Alkali/Potassium/
/North-America/Canada/Fredericton/index.{html} /North-America/Canada/Fredericton/
/North-America/United_States_of_America/Minnesota/Saint_Paul/index.{html} /North-America/United_States_of_America/Minnesota/Saint_Paul/
/lang/Lang-ta/index.{html} /lang/Lang-ta/
/astro/Star/Muscae-1/index.{html} /astro/Star/Muscae-1/
/chemic/Elements/Group-06-Chromium/Chromium/index.{html} /chemic/Elements/Group-06-Chromium/Chromium/
/North-America/United_States_of_America/California/Los_Angeles/index.{html} /North-America/United_States_of_America/California/Los_Angeles/
/North-America/United_States_of_America/Hawaii/index.{html} /North-America/United_States_of_America/Hawaii/
/astro/Star/Circini-1/index.{html} /astro/Star/Circini-1/
/chemic/Elements/Group-12-Zinc/Cadmium/index.{html} /chemic/Elements/Group-12-Zinc/Cadmium/
/lang/Family/LangFamily-Algonquian/index.{html} /lang/Family/LangFamily-Algonquian/
/lang/Lang-wu/index.{html} /lang/Lang-wu/
/North-America/United_States_of_America/District_of_Columbia/index.{html} /North-America/United_States_of_America/District_of_Columbia/
/astro/Star/Aurigae-6/index.{html} /astro/Star/Aurigae-6/
/astro/Star/Porrima/index.{html} /astro/Star/Porrima/
/astro/Star/Puppis-111/index.{html} /astro/Star/Puppis-111/
/astro/Star/Spica/index.{html} /astro/Star/Spica/
/astro/Star/Trianguli_Australis-5/index.{html} /astro/Star/Trianguli_Australis-5/
/North-America/United_States_of_America/Mississippi/index.{html} /North-America/United_States_of_America/Mississippi/
/astro/Star/Aquarii-201/index.{html} /astro/Star/Aquarii-201/
/lang/Lang-__/index.{html} /lang/Lang-__/
/astro/Class/Star-Class-A/index.{html} /astro/Class/Star-Class-A/
/astro/Star/Arae-6/index.{html} /astro/Star/Arae-6/
/astro/Star/Ceti-19/index.{html} /astro/Star/Ceti-19/
/astro/Star/Ceti-22/index.{html} /astro/Star/Ceti-22/
/astro/Star/Lupi-2/index.{html} /astro/Star/Lupi-2/
/astro/Zodiac/Zodiac-Scorpius/index.{html} /astro/Zodiac/Zodiac-Scorpius/
/North-America/United_States_of_America/Texas/index.{html} /North-America/United_States_of_America/Texas/
/astro/Star/Piscis_Australis-5/index.{html} /astro/Star/Piscis_Australis-5/
/astro/Zodiac/Zodiac-Pisces/index.{html} /astro/Zodiac/Zodiac-Pisces/
/astro/Zodiac/Zodiac-Triangulum_Australis/index.{html} /astro/Zodiac/Zodiac-Triangulum_Australis/
/notes/preview-changes/index.{html} /notes/preview-changes/
/North-America/United_States_of_America/Missouri/Summer/index.{html} /North-America/United_States_of_America/Missouri/Summer/
/astro/Star/Ettanin/index.{html} /astro/Star/Ettanin/
/astro/Star/Gruis-3/index.{html} /astro/Star/Gruis-3/
/astro/Star/Microscopii-5/index.{html} /astro/Star/Microscopii-5/
/astro/Star/Wega/index.{html} /astro/Star/Wega/
/astro/Zodiac/Zodiac-Lynx/index.{html} /astro/Zodiac/Zodiac-Lynx/
/North-America/United_States_of_America/Tennessee/Memphis/index.{html} /North-America/United_States_of_America/Tennessee/Memphis/
/astro/Star/Achernar/index.{html} /astro/Star/Achernar/
/astro/Star/Canis_Majoris-3/index.{html} /astro/Star/Canis_Majoris-3/
/astro/Star/Draconis-22/index.{html} /astro/Star/Draconis-22/
/astro/Star/Electra/index.{html} /astro/Star/Electra/
/astro/Star/Piscium-174/index.{html} /astro/Star/Piscium-174/
/astro/Star/Arneb/index.{html} /astro/Star/Arneb/
/astro/Star/Baten_Kaitos/index.{html} /astro/Star/Baten_Kaitos/
/astro/Star/Caeli-2/index.{html} /astro/Star/Caeli-2/
/astro/Star/Zawijava/index.{html} /astro/Star/Zawijava/
/astro/Zodiac/Zodiac-Dorado/index.{html} /astro/Zodiac/Zodiac-Dorado/
/lang/Family/LangFamily-Koreanic/index.{html} /lang/Family/LangFamily-Koreanic/
/North-America/United_States_of_America/Louisiana/New_Orleans/index.{html} /North-America/United_States_of_America/Louisiana/New_Orleans/
/astro/Star/Andromedae-13/index.{html} /astro/Star/Andromedae-13/
/astro/Star/Arietis-5/index.{html} /astro/Star/Arietis-5/
/astro/Star/Cygni-129/index.{html} /astro/Star/Cygni-129/
/astro/Star/Herculis-5/index.{html} /astro/Star/Herculis-5/
/astro/Star/Sagittae-4/index.{html} /astro/Star/Sagittae-4/
/North-America/United_States_of_America/Georgia/Atlanta/index.{html} /North-America/United_States_of_America/Georgia/Atlanta/
/astro/Star/Lyncis-112/index.{html} /astro/Star/Lyncis-112/
/astro/Zodiac/Zodiac-Corona_Borealis/index.{html} /astro/Zodiac/Zodiac-Corona_Borealis/
/astro/Star/Circini-3/index.{html} /astro/Star/Circini-3/
/astro/Star/Gruis-61/index.{html} /astro/Star/Gruis-61/
/astro/Star/Volantis-4/index.{html} /astro/Star/Volantis-4/
/North-America/United_States_of_America/Missouri/Saint_Louis/index.{html} /North-America/United_States_of_America/Missouri/Saint_Louis/
/astro/Class/Star-Class-S/index.{html} /astro/Class/Star-Class-S/
/astro/Star/Velorum-21/index.{html} /astro/Star/Velorum-21/
/astro/Star/Vulpeculae-113/index.{html} /astro/Star/Vulpeculae-113/
/chemic/Elements/Group-15-Nitrogen/Antimony/index.{html} /chemic/Elements/Group-15-Nitrogen/Antimony/
/astro/Star/Aldebaran/index.{html} /astro/Star/Aldebaran/
/astro/Star/Ceti-173/index.{html} /astro/Star/Ceti-173/
/astro/Star/Virginis-6/index.{html} /astro/Star/Virginis-6/
/North-America/Saint-Pierre-et-Miquelon/index.{html} /North-America/Saint-Pierre-et-Miquelon/
/North-America/United_States_of_America/South_Carolina/Greenville/index.{html} /North-America/United_States_of_America/South_Carolina/Greenville/
/astro/Star/Canis_Majoris-245/index.{html} /astro/Star/Canis_Majoris-245/
/astro/Star/Volantis-10/index.{html} /astro/Star/Volantis-10/
/North-America/United_States_of_America/Montana/Helena/index.{html} /North-America/United_States_of_America/Montana/Helena/
/astro/Star/Altarf/index.{html} /astro/Star/Altarf/
/astro/Star/Bootis-17/index.{html} /astro/Star/Bootis-17/
/astro/Star/Fornacis-24/index.{html} /astro/Star/Fornacis-24/
/astro/Star/Geminorum-11/index.{html} /astro/Star/Geminorum-11/
/astro/Star/Monocerotis-115/index.{html} /astro/Star/Monocerotis-115/
/North-America/United_States_of_America/Iowa/index.{html} /North-America/United_States_of_America/Iowa/
/North-America/United_States_of_America/South_Dakota/index.{html} /North-America/United_States_of_America/South_Dakota/
/astro/Star/Indi-1/index.{html} /astro/Star/Indi-1/
/astro/Star/Normae-26/index.{html} /astro/Star/Normae-26/
/astro/Star/Sagittarii-137/index.{html} /astro/Star/Sagittarii-137/
/chemic/Elements/Actinide-Group/Lutetium/index.{html} /chemic/Elements/Actinide-Group/Lutetium/
/chemic/Elements/Group-15-Nitrogen/Phosphorus/index.{html} /chemic/Elements/Group-15-Nitrogen/Phosphorus/
/astro/Star/Coronae_Borealis-3/index.{html} /astro/Star/Coronae_Borealis-3/
/astro/Star/Leporis-4/index.{html} /astro/Star/Leporis-4/
/astro/Star/Librae-3/index.{html} /astro/Star/Librae-3/
/astro/Star/Ursae_Majoris-8/index.{html} /astro/Star/Ursae_Majoris-8/
/astro/Star/Vulpeculae-101/index.{html} /astro/Star/Vulpeculae-101/
/chemic/Elements/Group-09-Cobalt/Cobalt/index.{html} /chemic/Elements/Group-09-Cobalt/Cobalt/
/chemic/Elements/Group-02-Earth-Alkaline/Strontium/index.{html} /chemic/Elements/Group-02-Earth-Alkaline/Strontium/
/chemic/Elements/Lanthanide-Group/Thulium/index.{html} /chemic/Elements/Lanthanide-Group/Thulium/
/North-America/United_States_of_America/Ohio/Wapakoneta/index.{html} /North-America/United_States_of_America/Ohio/Wapakoneta/
/North-America/_North-America-CityDB/index.{html} /North-America/_North-America-CityDB/
/astro/Star/Adhara/index.{html} /astro/Star/Adhara/
/astro/Star/Comae_Berenices-124/index.{html} /astro/Star/Comae_Berenices-124/
/astro/Star/Cygni-131/index.{html} /astro/Star/Cygni-131/
/astro/Star/Lyncis-1/index.{html} /astro/Star/Lyncis-1/
/North-America/United_States_of_America/Delaware/Delaware-City/index.{html} /North-America/United_States_of_America/Delaware/Delaware-City/
/astro/Star/Canis_Majoris-10/index.{html} /astro/Star/Canis_Majoris-10/
/astro/Star/Cygni-6/index.{html} /astro/Star/Cygni-6/
/astro/Star/Octantis-2/index.{html} /astro/Star/Octantis-2/
/chemic/Elements/Group-03-Scandium/Yttrium/index.{html} /chemic/Elements/Group-03-Scandium/Yttrium/
/North-America/Canada/State/State-Quebeck/index.{html} /North-America/Canada/State/State-Quebeck/
/astro/Star/Bootis-14/index.{html} /astro/Star/Bootis-14/
/astro/Star/Phad/index.{html} /astro/Star/Phad/
/astro/Star/Puppis-13/index.{html} /astro/Star/Puppis-13/
/astro/Star/Tucanae-2/index.{html} /astro/Star/Tucanae-2/
/chemic/Elements/Actinide-Group/Lawrencium/index.{html} /chemic/Elements/Actinide-Group/Lawrencium/
/astro/Star/Aurigae-24/index.{html} /astro/Star/Aurigae-24/
/astro/Star/Caeli-1/index.{html} /astro/Star/Caeli-1/
/astro/Star/Centauri-21/index.{html} /astro/Star/Centauri-21/
/astro/Star/Hydrae-44/index.{html} /astro/Star/Hydrae-44/
/astro/Star/Volantis-2/index.{html} /astro/Star/Volantis-2/
/astro/Zodiac/Zodiac-Sagittarius/index.{html} /astro/Zodiac/Zodiac-Sagittarius/
/astro/Star/Acubens/index.{html} /astro/Star/Acubens/
/astro/Star/Horologii-49/index.{html} /astro/Star/Horologii-49/
/astro/Star/Ophiuchi-170/index.{html} /astro/Star/Ophiuchi-170/
/astro/Star/Persei-21/index.{html} /astro/Star/Persei-21/
/astro/Star/Piscium-9/index.{html} /astro/Star/Piscium-9/
/chemic/Elements/_ElementDB/index.{html} /chemic/Elements/_ElementDB/
/North-America/United_States_of_America/Arizona/index.{html} /North-America/United_States_of_America/Arizona/
/astro/Star/Herculis-12/index.{html} /astro/Star/Herculis-12/
/astro/Star/Herculis-6/index.{html} /astro/Star/Herculis-6/
/astro/Star/Sadalsuud/index.{html} /astro/Star/Sadalsuud/
/astro/Star/Scorpii-19/index.{html} /astro/Star/Scorpii-19/
/astro/Star/Geminorum-13/index.{html} /astro/Star/Geminorum-13/
/astro/Star/Hydrae-47/index.{html} /astro/Star/Hydrae-47/
/astro/Star/Lupi-4/index.{html} /astro/Star/Lupi-4/
/astro/Star/Sadalmelik/index.{html} /astro/Star/Sadalmelik/
/astro/Star/Sheratan/index.{html} /astro/Star/Sheratan/
/astro/Star/Telescopii-1/index.{html} /astro/Star/Telescopii-1/
/astro/Star/Lesath/index.{html} /astro/Star/Lesath/
/astro/Star/Pictoris-2/index.{html} /astro/Star/Pictoris-2/
/astro/Star/Pictoris-3/index.{html} /astro/Star/Pictoris-3/
/astro/Star/Rasalgethi/index.{html} /astro/Star/Rasalgethi/
/astro/Star/Ursae_Minoris-105/index.{html} /astro/Star/Ursae_Minoris-105/
/chemic/Elements/Group-18-Nobel-Gases/Radon/index.{html} /chemic/Elements/Group-18-Nobel-Gases/Radon/
/North-America/United_States_of_America/Hawaii/Honolulu/index.{html} /North-America/United_States_of_America/Hawaii/Honolulu/
/astro/Star/Crucis-5/index.{html} /astro/Star/Crucis-5/
/astro/Star/Eridani-12/index.{html} /astro/Star/Eridani-12/
/astro/Star/Leporis-52/index.{html} /astro/Star/Leporis-52/
/astro/Star/Sculptoris-1/index.{html} /astro/Star/Sculptoris-1/
/astro/Star/Velorum-36/index.{html} /astro/Star/Velorum-36/
/astro/Zodiac/Zodiac-Ursa_Major/index.{html} /astro/Zodiac/Zodiac-Ursa_Major/
/North-America/United_States_of_America/California/Sacramento/index.{html} /North-America/United_States_of_America/California/Sacramento/
/astro/Star/Aquilae-5/index.{html} /astro/Star/Aquilae-5/
/astro/Star/Carinae-33/index.{html} /astro/Star/Carinae-33/
/astro/Star/Serpentis-10/index.{html} /astro/Star/Serpentis-10/
/astro/Star/Toliman/index.{html} /astro/Star/Toliman/
/astro/Star/Ursae_Majoris-123/index.{html} /astro/Star/Ursae_Majoris-123/
/lang/Family/LangFamily-isolated/index.{html} /lang/Family/LangFamily-isolated/
/chemic/Elements/Group-08-Iron/Ruthenium/index.{html} /chemic/Elements/Group-08-Iron/Ruthenium/
/North-America/United_States_of_America/Texas/Fort_Worth/index.{html} /North-America/United_States_of_America/Texas/Fort_Worth/
/astro/Star/Cassiopeiae-18/index.{html} /astro/Star/Cassiopeiae-18/
/astro/Star/Ophiuchi-17/index.{html} /astro/Star/Ophiuchi-17/
/astro/Star/Orionis-11/index.{html} /astro/Star/Orionis-11/
/astro/Zodiac/Zodiac-Puppis/index.{html} /astro/Zodiac/Zodiac-Puppis/
/astro/Zodiac/Zodiac-Taurus/index.{html} /astro/Zodiac/Zodiac-Taurus/
/North-America/United_States_of_America/New_Jersey/Trenton/index.{html} /North-America/United_States_of_America/New_Jersey/Trenton/
/astro/Star/Ankaa/index.{html} /astro/Star/Ankaa/
/astro/Star/Cygni-23/index.{html} /astro/Star/Cygni-23/
/astro/Star/Scorpii-16/index.{html} /astro/Star/Scorpii-16/
/astro/Star/Gacrux/index.{html} /astro/Star/Gacrux/
/astro/Star/Piscis_Australis-3/index.{html} /astro/Star/Piscis_Australis-3/
/astro/Star/Rigel/index.{html} /astro/Star/Rigel/
/chemic/Elements/Lanthanide-Group/Cerium/index.{html} /chemic/Elements/Lanthanide-Group/Cerium/
/lang/Lang-tr/index.{html} /lang/Lang-tr/
/astro/Star/Aquilae-7/index.{html} /astro/Star/Aquilae-7/
/astro/Star/Leonis-7/index.{html} /astro/Star/Leonis-7/
/astro/Star/Lyncis-115/index.{html} /astro/Star/Lyncis-115/
/astro/Star/Telescopii-6/index.{html} /astro/Star/Telescopii-6/
/astro/Star/Tucanae-3/index.{html} /astro/Star/Tucanae-3/
/North-America/Canada/State/_CountryStateDB/index.{html} /North-America/Canada/State/_CountryStateDB/
/astro/Star/Hydrae-13/index.{html} /astro/Star/Hydrae-13/
/astro/Star/Phoenicis-6/index.{html} /astro/Star/Phoenicis-6/
/astro/Zodiac/Zodiac-Cancer/index.{html} /astro/Zodiac/Zodiac-Cancer/
/astro/Zodiac/Zodiac-Cassiopeia/index.{html} /astro/Zodiac/Zodiac-Cassiopeia/
/chemic/Elements/Group-05-Vanadium/Niobium/index.{html} /chemic/Elements/Group-05-Vanadium/Niobium/
/astro/Star/Aurigae-7/index.{html} /astro/Star/Aurigae-7/
/astro/Star/Mensae-2/index.{html} /astro/Star/Mensae-2/
/astro/Star/Sagittarii-6/index.{html} /astro/Star/Sagittarii-6/
/astro/Star/Hydrae-54/index.{html} /astro/Star/Hydrae-54/
/astro/Star/Zaniah/index.{html} /astro/Star/Zaniah/
/Contributing/index.{html} /Contributing/
/North-America/United_States_of_America/New_Jersey/Princeton/index.{html} /North-America/United_States_of_America/New_Jersey/Princeton/
/astro/Star/Alamak/index.{html} /astro/Star/Alamak/
/astro/Star/Canis_Majoris-129/index.{html} /astro/Star/Canis_Majoris-129/
/astro/Star/Edasich/index.{html} /astro/Star/Edasich/
/astro/Star/Eridani-143/index.{html} /astro/Star/Eridani-143/
/North-America/United_States_of_America/Colorado/index.{html} /North-America/United_States_of_America/Colorado/
/North-America/United_States_of_America/index.{html} /North-America/United_States_of_America/
/astro/Star/Peacock/index.{html} /astro/Star/Peacock/
/astro/Star/Tauri-11/index.{html} /astro/Star/Tauri-11/
/astro/Star/Puppis-103/index.{html} /astro/Star/Puppis-103/
/astro/Star/Ursae_Majoris-10/index.{html} /astro/Star/Ursae_Majoris-10/
/astro/Star/Alterf/index.{html} /astro/Star/Alterf/
/astro/Star/Aquarii-13/index.{html} /astro/Star/Aquarii-13/
/astro/Star/Comae_Berenices-2/index.{html} /astro/Star/Comae_Berenices-2/
/astro/Star/Cygni-9/index.{html} /astro/Star/Cygni-9/
/astro/Star/Lupi-6/index.{html} /astro/Star/Lupi-6/
/astro/Star/Orionis-101/index.{html} /astro/Star/Orionis-101/
/astro/Zodiac/Zodiac-Pegasus/index.{html} /astro/Zodiac/Zodiac-Pegasus/
/chemic/Elements/Actinide-Group/Einsteinium/index.{html} /chemic/Elements/Actinide-Group/Einsteinium/
/chemic/Elements/Lanthanide-Group/Nobelium/index.{html} /chemic/Elements/Lanthanide-Group/Nobelium/
/lang/Lang-pl/index.{html} /lang/Lang-pl/
/astro/Star/Errai/index.{html} /astro/Star/Errai/
/astro/Star/Persei-19/index.{html} /astro/Star/Persei-19/
/North-America/United_States_of_America/District_of_Columbia/Washington~City/index.{html} /North-America/United_States_of_America/District_of_Columbia/Washington~City/
/North-America/United_States_of_America/Nebraska/index.{html} /North-America/United_States_of_America/Nebraska/
/North-America/United_States_of_America/Rhode_Island/index.{html} /North-America/United_States_of_America/Rhode_Island/
/North-America/United_States_of_America/Tennessee/Nashville/index.{html} /North-America/United_States_of_America/Tennessee/Nashville/
/astro/Star/Canis_Majoris-12/index.{html} /astro/Star/Canis_Majoris-12/
/astro/Star/Coronae_Australis-5/index.{html} /astro/Star/Coronae_Australis-5/
/astro/Star/Persei-6/index.{html} /astro/Star/Persei-6/
/astro/Star/Velorum-33/index.{html} /astro/Star/Velorum-33/
/chemic/Elements/Group-04-Titanium/Hafnium/index.{html} /chemic/Elements/Group-04-Titanium/Hafnium/
/chemic/Elements/Group-14-Carbon/Carbon/index.{html} /chemic/Elements/Group-14-Carbon/Carbon/
/astro/Star/Crateris-2/index.{html} /astro/Star/Crateris-2/
/astro/Star/Eridani-56/index.{html} /astro/Star/Eridani-56/
/chemic/Elements/Actinide-Group/Thorium/index.{html} /chemic/Elements/Actinide-Group/Thorium/
/chemic/Elements/Group-13-Boron/Gallium/index.{html} /chemic/Elements/Group-13-Boron/Gallium/
/lang/Lang-fr/index.{html} /lang/Lang-fr/
/astro/Star/Eridani-111/index.{html} /astro/Star/Eridani-111/
/astro/Star/Herculis-21/index.{html} /astro/Star/Herculis-21/
/astro/Star/Leporis-10/index.{html} /astro/Star/Leporis-10/
/astro/Star/Scorpii-45/index.{html} /astro/Star/Scorpii-45/
/astro/Star/Virginis-4/index.{html} /astro/Star/Virginis-4/
/astro/Zodiac/Zodiac-Sagitta/index.{html} /astro/Zodiac/Zodiac-Sagitta/
/lang/Lang-nl/index.{html} /lang/Lang-nl/
/North-America/United_States_of_America/Florida/Ocala/index.{html} /North-America/United_States_of_America/Florida/Ocala/
/North-America/United_States_of_America/Oklahoma/Oklahoma_City/index.{html} /North-America/United_States_of_America/Oklahoma/Oklahoma_City/
/astro/Star/Coronae_Australis-2/index.{html} /astro/Star/Coronae_Australis-2/
/astro/Star/Draconis-117/index.{html} /astro/Star/Draconis-117/
/astro/Star/Draconis-5/index.{html} /astro/Star/Draconis-5/
/astro/Zodiac/Zodiac-Camelopardalis/index.{html} /astro/Zodiac/Zodiac-Camelopardalis/
/astro/Star/Corvi-5/index.{html} /astro/Star/Corvi-5/
/astro/Star/Lacertae-1/index.{html} /astro/Star/Lacertae-1/
/astro/Star/Persei-13/index.{html} /astro/Star/Persei-13/
/astro/Star/Sagittarii-12/index.{html} /astro/Star/Sagittarii-12/
/notes/obsidian/index.{html} /notes/obsidian/
/astro/Star/Cassiopeiae-11/index.{html} /astro/Star/Cassiopeiae-11/
/astro/Star/Scorpii-109/index.{html} /astro/Star/Scorpii-109/
/astro/Star/Tarazed/index.{html} /astro/Star/Tarazed/
/astro/Zodiac/Zodiac-Auriga/index.{html} /astro/Zodiac/Zodiac-Auriga/
/astro/Star/Persei-116/index.{html} /astro/Star/Persei-116/
/astro/Star/Tauri-19/index.{html} /astro/Star/Tauri-19/
/astro/Zodiac/Zodiac-Chamaeleon/index.{html} /astro/Zodiac/Zodiac-Chamaeleon/
/astro/Zodiac/Zodiac-Eridanus/index.{html} /astro/Zodiac/Zodiac-Eridanus/
/astro/Class/Star-Class-O/index.{html} /astro/Class/Star-Class-O/
/astro/Star/Alchiba/index.{html} /astro/Star/Alchiba/
/astro/Star/Lacertae-104/index.{html} /astro/Star/Lacertae-104/
/astro/Star/Trianguli_Australis-3/index.{html} /astro/Star/Trianguli_Australis-3/
/lang/Lang-ar/index.{html} /lang/Lang-ar/
/astro/Star/Centauri-34/index.{html} /astro/Star/Centauri-34/
/chemic/Elements/Group-02-Earth-Alkaline/Barium/index.{html} /chemic/Elements/Group-02-Earth-Alkaline/Barium/
/astro/Star/Cygni-4/index.{html} /astro/Star/Cygni-4/
/astro/Star/Lupi-3/index.{html} /astro/Star/Lupi-3/
/astro/Star/Sagittarii-19/index.{html} /astro/Star/Sagittarii-19/
/lang/Lang-pt/index.{html} /lang/Lang-pt/
/lang/Lang-vi/index.{html} /lang/Lang-vi/
/North-America/Canada/BC~Victoria/index.{html} /North-America/Canada/BC~Victoria/
/North-America/United_States_of_America/Montana/index.{html} /North-America/United_States_of_America/Montana/
/astro/Star/Arae-4/index.{html} /astro/Star/Arae-4/
/astro/Star/Orionis-108/index.{html} /astro/Star/Orionis-108/
/astro/Star/Thuban/index.{html} /astro/Star/Thuban/
/lang/Family/LangFamily-NigerCongo/index.{html} /lang/Family/LangFamily-NigerCongo/
/notes/ignore-notes/index.{html} /notes/ignore-notes/
/North-America/United_States_of_America/New_Mexico/index.{html} /North-America/United_States_of_America/New_Mexico/
/astro/Star/Centauri-59/index.{html} /astro/Star/Centauri-59/
/astro/Star/Comae_Berenices-3/index.{html} /astro/Star/Comae_Berenices-3/
/astro/Star/Ursae_Minoris-5/index.{html} /astro/Star/Ursae_Minoris-5/
/chemic/Elements/Actinide-Group/Plutonium/index.{html} /chemic/Elements/Actinide-Group/Plutonium/
/lang/Lang-en/index.{html} /lang/Lang-en/
/astro/Star/Piscis_Australis-4/index.{html} /astro/Star/Piscis_Australis-4/
/astro/Star/Sagittarii-16/index.{html} /astro/Star/Sagittarii-16/
/North-America/Canada/Iqualuit/index.{html} /North-America/Canada/Iqualuit/
/astro/Star/Canis_Majoris-127/index.{html} /astro/Star/Canis_Majoris-127/
/astro/Star/Carinae-22/index.{html} /astro/Star/Carinae-22/
/astro/Star/Chamaeleontis-3/index.{html} /astro/Star/Chamaeleontis-3/
/astro/Star/Hydrae-127/index.{html} /astro/Star/Hydrae-127/
/astro/Star/Muscae-5/index.{html} /astro/Star/Muscae-5/
/astro/Star/Tejat_Posterior/index.{html} /astro/Star/Tejat_Posterior/
/astro/Zodiac/Zodiac-Monoceros/index.{html} /astro/Zodiac/Zodiac-Monoceros/
/astro/Zodiac/Zodiac-Tucana/index.{html} /astro/Zodiac/Zodiac-Tucana/
/lang/Family/LangFamily-Austronesian/index.{html} /lang/Family/LangFamily-Austronesian/
/astro/Star/Canis_Majoris-18/index.{html} /astro/Star/Canis_Majoris-18/
/astro/Star/Canis_Minoris-3/index.{html} /astro/Star/Canis_Minoris-3/
/astro/Star/Sculptoris-3/index.{html} /astro/Star/Sculptoris-3/
/astro/Star/Wasat/index.{html} /astro/Star/Wasat/
/astro/Star/Bellatrix/index.{html} /astro/Star/Bellatrix/
/astro/Star/Mesarthim/index.{html} /astro/Star/Mesarthim/
/astro/Star/Velorum-12/index.{html} /astro/Star/Velorum-12/
/astro/Star/Coronae_Australis-4/index.{html} /astro/Star/Coronae_Australis-4/
/astro/Star/Orionis-18/index.{html} /astro/Star/Orionis-18/
/chemic/Elements/Group-03-Scandium/Scandium/index.{html} /chemic/Elements/Group-03-Scandium/Scandium/
/lang/Family/LangFamily-Japanese~Ryukyu/index.{html} /lang/Family/LangFamily-Japanese~Ryukyu/
/North-America/United_States_of_America/Indiana/index.{html} /North-America/United_States_of_America/Indiana/
/North-America/United_States_of_America/Missouri/Jefferson_City/index.{html} /North-America/United_States_of_America/Missouri/Jefferson_City/
/astro/Star/Antares/index.{html} /astro/Star/Antares/
/astro/Star/Saiph/index.{html} /astro/Star/Saiph/
/North-America/Canada/index.{html} /North-America/Canada/
/North-America/United_States_of_America/Maryland/Annapolis/index.{html} /North-America/United_States_of_America/Maryland/Annapolis/
/North-America/United_States_of_America/Oregon/index.{html} /North-America/United_States_of_America/Oregon/
/astro/Star/Librae-4/index.{html} /astro/Star/Librae-4/
/astro/Star/Volantis-3/index.{html} /astro/Star/Volantis-3/
/chemic/Elements/Group-01-Alkali/Sodium/index.{html} /chemic/Elements/Group-01-Alkali/Sodium/
/astro/Star/Mira/index.{html} /astro/Star/Mira/
/astro/Star/Trianguli_Australis-2/index.{html} /astro/Star/Trianguli_Australis-2/
/chemic/Elements/Group-14-Carbon/Tin/index.{html} /chemic/Elements/Group-14-Carbon/Tin/
/astro/Star/Ceti-137/index.{html} /astro/Star/Ceti-137/
/North-America/United_States_of_America/Alaska/Anchorage/index.{html} /North-America/United_States_of_America/Alaska/Anchorage/
/North-America/United_States_of_America/Louisiana/index.{html} /North-America/United_States_of_America/Louisiana/
/astro/Star/Ophiuchi-3/index.{html} /astro/Star/Ophiuchi-3/
/astro/Star/Tauri-168/index.{html} /astro/Star/Tauri-168/
/astro/Star/Chamaeleontis-4/index.{html} /astro/Star/Chamaeleontis-4/
/astro/Star/Regulus/index.{html} /astro/Star/Regulus/
/astro/Star/Vulpeculae-1/index.{html} /astro/Star/Vulpeculae-1/
/North-America/United_States_of_America/Kansas/Topeka/index.{html} /North-America/United_States_of_America/Kansas/Topeka/
/astro/Star/Alhena/index.{html} /astro/Star/Alhena/
/astro/Star/Hydrae-2/index.{html} /astro/Star/Hydrae-2/
/astro/Star/Octantis-4/index.{html} /astro/Star/Octantis-4/
/astro/Star/Persei-5/index.{html} /astro/Star/Persei-5/
/astro/Star/Zubenelgenubi/index.{html} /astro/Star/Zubenelgenubi/
/astro/Star/Cygni-12/index.{html} /astro/Star/Cygni-12/
/astro/Star/Eridani-21/index.{html} /astro/Star/Eridani-21/
/astro/Star/Sagittarii-7/index.{html} /astro/Star/Sagittarii-7/
/chemic/Elements/Group-07-Manganese/Manganese/index.{html} /chemic/Elements/Group-07-Manganese/Manganese/
/North-America/United_States_of_America/Oklahoma/index.{html} /North-America/United_States_of_America/Oklahoma/
/astro/Star/Microscopii-3/index.{html} /astro/Star/Microscopii-3/
/astro/Star/Serpentis-5/index.{html} /astro/Star/Serpentis-5/
/astro/Zodiac/Zodiac-Canis_Minor/index.{html} /astro/Zodiac/Zodiac-Canis_Minor/
/lang/Family/LangFamily-Altaic/index.{html} /lang/Family/LangFamily-Altaic/
/lang/Lang-te/index.{html} /lang/Lang-te/
/astro/Star/Bootis-9/index.{html} /astro/Star/Bootis-9/
/astro/Star/Herculis-14/index.{html} /astro/Star/Herculis-14/
/astro/Star/Canopus/index.{html} /astro/Star/Canopus/
/astro/Star/Doradus-2/index.{html} /astro/Star/Doradus-2/
/astro/Star/Persei-17/index.{html} /astro/Star/Persei-17/
/astro/Star/Serpentis-12/index.{html} /astro/Star/Serpentis-12/
/astro/Zodiac/Zodiac-Draco/index.{html} /astro/Zodiac/Zodiac-Draco/
/North-America/United_States_of_America/Pennsylvania/Bethlehem/index.{html} /North-America/United_States_of_America/Pennsylvania/Bethlehem/
/astro/Star/Canis_Majoris-8/index.{html} /astro/Star/Canis_Majoris-8/
/astro/Star/RT_Aurigae/index.{html} /astro/Star/RT_Aurigae/
/notes/custom-Domain/index.{html} /notes/custom-Domain/
/astro/Star/Ruticulus/index.{html} /astro/Star/Ruticulus/
/astro/Star/Sagittarii-1/index.{html} /astro/Star/Sagittarii-1/
/chemic/Elements/Lanthanide-Group/Praseodymium/index.{html} /chemic/Elements/Lanthanide-Group/Praseodymium/
/North-America/United_States_of_America/California/index.{html} /North-America/United_States_of_America/California/
/North-America/United_States_of_America/Iowa/Des_Moines/index.{html} /North-America/United_States_of_America/Iowa/Des_Moines/
/chemic/Elements/Group-17-Halogene/Fluorine/index.{html} /chemic/Elements/Group-17-Halogene/Fluorine/
/notes/updating/index.{html} /notes/updating/
/North-America/United_States_of_America/Florida/Miami/index.{html} /North-America/United_States_of_America/Florida/Miami/
/astro/Star/Chamaeleontis-5/index.{html} /astro/Star/Chamaeleontis-5/
/astro/Zodiac/Zodiac-Aries/index.{html} /astro/Zodiac/Zodiac-Aries/
/astro/Zodiac/Zodiac-Ophiuchus/index.{html} /astro/Zodiac/Zodiac-Ophiuchus/
/notes/docker/index.{html} /notes/docker/
/chemic/Elements/Group-10-Nickel/Nickel/index.{html} /chemic/Elements/Group-10-Nickel/Nickel/
/chemic/Elements/Group-15-Nitrogen/Bismuth/index.{html} /chemic/Elements/Group-15-Nitrogen/Bismuth/
/astro/Star/Canis_Majoris-24/index.{html} /astro/Star/Canis_Majoris-24/
/astro/Star/Carinae-49/index.{html} /astro/Star/Carinae-49/
/astro/Star/Columbae-3/index.{html} /astro/Star/Columbae-3/
/astro/Star/Enif/index.{html} /astro/Star/Enif/
/astro/Star/Fomalhaut/index.{html} /astro/Star/Fomalhaut/
/astro/Star/Herculis-10/index.{html} /astro/Star/Herculis-10/
/lang/_LangFamilyTemplate/index.{html} /lang/_LangFamilyTemplate/
/North-America/United_States_of_America/Michigan/Detroit/index.{html} /North-America/United_States_of_America/Michigan/Detroit/
/astro/Class/Star-Class-B/index.{html} /astro/Class/Star-Class-B/
/astro/Star/Cephei-16/index.{html} /astro/Star/Cephei-16/
/astro/Star/Herculis-195/index.{html} /astro/Star/Herculis-195/
/astro/Star/Octantis-13/index.{html} /astro/Star/Octantis-13/
/astro/Star/Sadr/index.{html} /astro/Star/Sadr/
/North-America/United_States_of_America/Alabama/index.{html} /North-America/United_States_of_America/Alabama/
/astro/Star/Cygni-18/index.{html} /astro/Star/Cygni-18/
/astro/Star/Delphini-5/index.{html} /astro/Star/Delphini-5/
/astro/Star/Velorum-15/index.{html} /astro/Star/Velorum-15/
/astro/Zodiac/Zodiac-Grus/index.{html} /astro/Zodiac/Zodiac-Grus/
/chemic/Elements/Actinide-Group/Uranium/index.{html} /chemic/Elements/Actinide-Group/Uranium/
/chemic/Elements/Group-07-Manganese/Technetium/index.{html} /chemic/Elements/Group-07-Manganese/Technetium/
/chemic/Elements/Group-15-Nitrogen/Arsenic/index.{html} /chemic/Elements/Group-15-Nitrogen/Arsenic/
/astro/Star/Arietis-141/index.{html} /astro/Star/Arietis-141/
/astro/Star/Camelopardalis-178/index.{html} /astro/Star/Camelopardalis-178/
/astro/Star/Eta/index.{html} /astro/Star/Eta/
/astro/Star/Orionis-122/index.{html} /astro/Star/Orionis-122/
/astro/Star/Pavonis-2/index.{html} /astro/Star/Pavonis-2/
/chemic/Elements/Group-01-Alkali/Lithium/index.{html} /chemic/Elements/Group-01-Alkali/Lithium/
/North-America/Canada/State/State-Alberta/index.{html} /North-America/Canada/State/State-Alberta/
/astro/Star/Arae-3/index.{html} /astro/Star/Arae-3/
/astro/Star/Geminorum-9/index.{html} /astro/Star/Geminorum-9/
/astro/Star/Ursae_Majoris-22/index.{html} /astro/Star/Ursae_Majoris-22/
/North-America/United_States_of_America/Maryland/index.{html} /North-America/United_States_of_America/Maryland/
/astro/Class/Star-Class-L/index.{html} /astro/Class/Star-Class-L/
/astro/Star/Puppis-17/index.{html} /astro/Star/Puppis-17/
/chemic/Elements/Group-02-Earth-Alkaline/Radium/index.{html} /chemic/Elements/Group-02-Earth-Alkaline/Radium/
/North-America/Canada/Montreal/index.{html} /North-America/Canada/Montreal/
/astro/Star/Monocerotis-2/index.{html} /astro/Star/Monocerotis-2/
/astro/Star/Shaula/index.{html} /astro/Star/Shaula/
/chemic/Elements/Lanthanide-Group/Holmium/index.{html} /chemic/Elements/Lanthanide-Group/Holmium/
/astro/Star/Serpentis-14/index.{html} /astro/Star/Serpentis-14/
/astro/Star/Trianguli-9/index.{html} /astro/Star/Trianguli-9/
/North-America/United_States_of_America/Massachusetts/Boston/index.{html} /North-America/United_States_of_America/Massachusetts/Boston/
/North-America/United_States_of_America/North_Carolina/Grabtown/index.{html} /North-America/United_States_of_America/North_Carolina/Grabtown/
/astro/Star/Acamar/index.{html} /astro/Star/Acamar/
/astro/Star/Agena/index.{html} /astro/Star/Agena/
/astro/Star/Apodis-2/index.{html} /astro/Star/Apodis-2/
/astro/Star/Hydrae-6/index.{html} /astro/Star/Hydrae-6/
/astro/Star/Tucanae-1/index.{html} /astro/Star/Tucanae-1/
/chemic/Elements/Group-02-Earth-Alkaline/Magnesium/index.{html} /chemic/Elements/Group-02-Earth-Alkaline/Magnesium/
/North-America/United_States_of_America/Oklahoma/Tulsa/index.{html} /North-America/United_States_of_America/Oklahoma/Tulsa/
/astro/Star/Ceti-12/index.{html} /astro/Star/Ceti-12/
/astro/Star/Coronae_Borealis-8/index.{html} /astro/Star/Coronae_Borealis-8/
/astro/Star/Draconis-139/index.{html} /astro/Star/Draconis-139/
/astro/Star/Lacertae-101/index.{html} /astro/Star/Lacertae-101/
/astro/Star/Ophiuchi-167/index.{html} /astro/Star/Ophiuchi-167/
/astro/Star/Andromedae-15/index.{html} /astro/Star/Andromedae-15/
/astro/Star/Antliae-8/index.{html} /astro/Star/Antliae-8/
/astro/Star/Carinae-39/index.{html} /astro/Star/Carinae-39/
/astro/Star/Piscium-8/index.{html} /astro/Star/Piscium-8/
/North-America/United_States_of_America/Illinois/Oak_Park/index.{html} /North-America/United_States_of_America/Illinois/Oak_Park/
/astro/Star/Arae-8/index.{html} /astro/Star/Arae-8/
/astro/Star/Lyncis-138/index.{html} /astro/Star/Lyncis-138/
/astro/Star/Sagittarii-25/index.{html} /astro/Star/Sagittarii-25/
/North-America/Canada/Gander/index.{html} /North-America/Canada/Gander/
/North-America/Canada/Ottawa/index.{html} /North-America/Canada/Ottawa/
/North-America/United_States_of_America/New_York/New_York-City/index.{html} /North-America/United_States_of_America/New_York/New_York-City/
/astro/Star/Tauri-15/index.{html} /astro/Star/Tauri-15/
/North-America/_North-America-CountryDb/index.{html} /North-America/_North-America-CountryDb/
/astro/Star/Bootis-8/index.{html} /astro/Star/Bootis-8/
/astro/Zodiac/Zodiac-Telescopium/index.{html} /astro/Zodiac/Zodiac-Telescopium/
/lang/Lang-ja/index.{html} /lang/Lang-ja/
/North-America/United_States_of_America/Texas/Houston/index.{html} /North-America/United_States_of_America/Texas/Houston/
/astro/Star/Leonis_Minoris-2/index.{html} /astro/Star/Leonis_Minoris-2/
/astro/Star/Menkar/index.{html} /astro/Star/Menkar/
/astro/Zodiac/Zodiac-Piscis_Australis/index.{html} /astro/Zodiac/Zodiac-Piscis_Australis/
/North-America/United_States_of_America/Massachusetts/index.{html} /North-America/United_States_of_America/Massachusetts/
/North-America/United_States_of_America/Ohio/index.{html} /North-America/United_States_of_America/Ohio/
/astro/Star/Hydrae-17/index.{html} /astro/Star/Hydrae-17/
/astro/Star/Pavonis-11/index.{html} /astro/Star/Pavonis-11/
/chemic/Elements/Lanthanide-Group/Erbium/index.{html} /chemic/Elements/Lanthanide-Group/Erbium/
/astro/Star/Aurigae-114/index.{html} /astro/Star/Aurigae-114/
/astro/Star/Delphini-4/index.{html} /astro/Star/Delphini-4/
/astro/Star/Serpentis-3/index.{html} /astro/Star/Serpentis-3/
/astro/Zodiac/Zodiac-Lyra/index.{html} /astro/Zodiac/Zodiac-Lyra/
/lang/Lang-jv/index.{html} /lang/Lang-jv/
/North-America/United_States_of_America/Virginia/index.{html} /North-America/United_States_of_America/Virginia/
/astro/Star/Indi-8/index.{html} /astro/Star/Indi-8/
/astro/Star/Serpentis-2/index.{html} /astro/Star/Serpentis-2/
/astro/Zodiac/Zodiac-Corona_Australis/index.{html} /astro/Zodiac/Zodiac-Corona_Australis/
/astro/Star/Leporis-5/index.{html} /astro/Star/Leporis-5/
/astro/Star/Mintaka/index.{html} /astro/Star/Mintaka/
/astro/Star/Persei-10/index.{html} /astro/Star/Persei-10/
/astro/Star/Piscium-15/index.{html} /astro/Star/Piscium-15/
/North-America/Canada/State/State-Manitoba/index.{html} /North-America/Canada/State/State-Manitoba/
/astro/Star/Normae-5/index.{html} /astro/Star/Normae-5/
/astro/Star/Ursae_Minoris-7/index.{html} /astro/Star/Ursae_Minoris-7/
/astro/Star/Carinae-20/index.{html} /astro/Star/Carinae-20/
/astro/Star/Doradus-1/index.{html} /astro/Star/Doradus-1/
/astro/Star/Elnath/index.{html} /astro/Star/Elnath/
/astro/Star/Monocerotis-4/index.{html} /astro/Star/Monocerotis-4/
/astro/Star/Ophiuchi-136/index.{html} /astro/Star/Ophiuchi-136/
/astro/Star/Phoenicis-2/index.{html} /astro/Star/Phoenicis-2/
/North-America/United_States_of_America/Montana/Lodge/index.{html} /North-America/United_States_of_America/Montana/Lodge/
/North-America/United_States_of_America/Ohio/Columbus/index.{html} /North-America/United_States_of_America/Ohio/Columbus/
/astro/Star/X1/index.{html} /astro/Star/X1/
/lang/Lang-ru/index.{html} /lang/Lang-ru/
/astro/Star/Puppis-119/index.{html} /astro/Star/Puppis-119/
/astro/Star/Rasalhague/index.{html} /astro/Star/Rasalhague/
/North-America/United_States_of_America/Minnesota/index.{html} /North-America/United_States_of_America/Minnesota/
/astro/Class/_StarClass-Template/index.{html} /astro/Class/_StarClass-Template/
/astro/Star/Algenib/index.{html} /astro/Star/Algenib/
/astro/Star/Algiedi/index.{html} /astro/Star/Algiedi/
/astro/Star/Geminorum-8/index.{html} /astro/Star/Geminorum-8/
/astro/Star/Lupi-12/index.{html} /astro/Star/Lupi-12/
/astro/Star/Ursae_Majoris-20/index.{html} /astro/Star/Ursae_Majoris-20/
/astro/Star/Volantis-6/index.{html} /astro/Star/Volantis-6/
/astro/Zodiac/Zodiac-Crux/index.{html} /astro/Zodiac/Zodiac-Crux/
/chemic/Elements/Group-17-Halogene/Astatine/index.{html} /chemic/Elements/Group-17-Halogene/Astatine/
/astro/Star/Bootis-20/index.{html} /astro/Star/Bootis-20/
/astro/Star/Megrez/index.{html} /astro/Star/Megrez/
/North-America/Canada/State/State-Northwest_Territories/index.{html} /North-America/Canada/State/State-Northwest_Territories/
/astro/Star/Acrab/index.{html} /astro/Star/Acrab/
/astro/Star/Camelopardalis-1/index.{html} /astro/Star/Camelopardalis-1/
/astro/Zodiac/Zodiac-Scutum/index.{html} /astro/Zodiac/Zodiac-Scutum/
/astro/Star/Taygeta/index.{html} /astro/Star/Taygeta/
/notes/editing/index.{html} /notes/editing/
/North-America/United_States_of_America/Pennsylvania/Philadelphia/index.{html} /North-America/United_States_of_America/Pennsylvania/Philadelphia/
/astro/Star/Menkalinan/index.{html} /astro/Star/Menkalinan/
/astro/Star/Orionis-19/index.{html} /astro/Star/Orionis-19/
/North-America/Canada/Charlottetown/index.{html} /North-America/Canada/Charlottetown/
/North-America/United_States_of_America/California/San_Diego/index.{html} /North-America/United_States_of_America/California/San_Diego/
/astro/Star/Kaus_Australis/index.{html} /astro/Star/Kaus_Australis/
/astro/Star/Lupi-1/index.{html} /astro/Star/Lupi-1/
/astro/Star/Tauri-161/index.{html} /astro/Star/Tauri-161/
/astro/Star/Trianguli_Australis-1/index.{html} /astro/Star/Trianguli_Australis-1/
/North-America/United_States_of_America/Michigan/index.{html} /North-America/United_States_of_America/Michigan/
/astro/Star/Andromedae-10/index.{html} /astro/Star/Andromedae-10/
/astro/Star/Canis_Majoris-116/index.{html} /astro/Star/Canis_Majoris-116/
/astro/Star/Centauri-17/index.{html} /astro/Star/Centauri-17/
/astro/Star/Coxa/index.{html} /astro/Star/Coxa/
/astro/Star/Doradus-3/index.{html} /astro/Star/Doradus-3/
/North-America/United_States_of_America/New_Hampshire/Concord/index.{html} /North-America/United_States_of_America/New_Hampshire/Concord/
/astro/Star/Canum_Venaticorum-125/index.{html} /astro/Star/Canum_Venaticorum-125/
/astro/Star/Reticuli-4/index.{html} /astro/Star/Reticuli-4/
/North-America/Canada/Winnipeg/index.{html} /North-America/Canada/Winnipeg/
/astro/Star/Cygni-181/index.{html} /astro/Star/Cygni-181/
/astro/Star/Puppis-19/index.{html} /astro/Star/Puppis-19/
/chemic/Elements/Actinide-Group/Mendelevium/index.{html} /chemic/Elements/Actinide-Group/Mendelevium/
/chemic/Elements/Group-09-Cobalt/Rhodium/index.{html} /chemic/Elements/Group-09-Cobalt/Rhodium/
/North-America/United_States_of_America/New_York/Long_Island/index.{html} /North-America/United_States_of_America/New_York/Long_Island/
/North-America/United_States_of_America/Pennsylvania/Harrisburg/index.{html} /North-America/United_States_of_America/Pennsylvania/Harrisburg/
/astro/Zodiac/Zodiac-Bootes/index.{html} /astro/Zodiac/Zodiac-Bootes/
/astro/Star/Monocerotis-5/index.{html} /astro/Star/Monocerotis-5/
/astro/Star/Nihal/index.{html} /astro/Star/Nihal/
/North-America/Bermuda/index.{html} /North-America/Bermuda/
/North-America/Canada/State/State-Youkon_Territory/index.{html} /North-America/Canada/State/State-Youkon_Territory/
/North-America/United_States_of_America/Illinois/Savanna/index.{html} /North-America/United_States_of_America/Illinois/Savanna/
/astro/Star/Columbae-4/index.{html} /astro/Star/Columbae-4/
/astro/Star/Cygni-161/index.{html} /astro/Star/Cygni-161/
/astro/Star/Cygni-22/index.{html} /astro/Star/Cygni-22/
/astro/Star/Scorpii-13/index.{html} /astro/Star/Scorpii-13/
/chemic/Elements/Group-04-Titanium/Titanium/index.{html} /chemic/Elements/Group-04-Titanium/Titanium/
/chemic/Elements/Group-01-Alkali/Rubidium/index.{html} /chemic/Elements/Group-01-Alkali/Rubidium/
/astro/Star/Aquarii-171/index.{html} /astro/Star/Aquarii-171/
/astro/Star/Equulei-4/index.{html} /astro/Star/Equulei-4/
/astro/Star/Eridani-101/index.{html} /astro/Star/Eridani-101/
/astro/Star/Pegasi-172/index.{html} /astro/Star/Pegasi-172/
/astro/Star/Sculptoris-4/index.{html} /astro/Star/Sculptoris-4/
/astro/Star/Sirius/index.{html} /astro/Star/Sirius/
/North-America/United_States_of_America/California/Cupertino/index.{html} /North-America/United_States_of_America/California/Cupertino/
/North-America/United_States_of_America/Illinois/Chicago/index.{html} /North-America/United_States_of_America/Illinois/Chicago/
/astro/Star/Capricorni-9/index.{html} /astro/Star/Capricorni-9/
/astro/Star/Dubhe/index.{html} /astro/Star/Dubhe/
/lang/Family/LangFamily-Indo-European/index.{html} /lang/Family/LangFamily-Indo-European/
/lang/Lang-ps/index.{html} /lang/Lang-ps/
/North-America/Canada/State/State-Nova_Scotia/index.{html} /North-America/Canada/State/State-Nova_Scotia/
/North-America/United_States_of_America/New_York/Idlewild/index.{html} /North-America/United_States_of_America/New_York/Idlewild/
/astro/Star/Arae-2/index.{html} /astro/Star/Arae-2/
/astro/Zodiac/Zodiac-Coma_Berenices/index.{html} /astro/Zodiac/Zodiac-Coma_Berenices/
/chemic/Elements/Group-05-Vanadium/Tantalum/index.{html} /chemic/Elements/Group-05-Vanadium/Tantalum/
/chemic/Elements/Group-17-Halogene/Chlorine/index.{html} /chemic/Elements/Group-17-Halogene/Chlorine/
/astro/Star/Lupi-14/index.{html} /astro/Star/Lupi-14/
/astro/Star/Serpentis-7/index.{html} /astro/Star/Serpentis-7/
/North-America/Canada/Edmonton/index.{html} /North-America/Canada/Edmonton/
/North-America/Canada/Whitehorse/index.{html} /North-America/Canada/Whitehorse/
/astro/Star/Draconis-13/index.{html} /astro/Star/Draconis-13/
/astro/Star/Fornacis-1/index.{html} /astro/Star/Fornacis-1/
/astro/Star/Gruis-27/index.{html} /astro/Star/Gruis-27/
/astro/Star/Hydrae-16/index.{html} /astro/Star/Hydrae-16/
/astro/Star/Virginis-19/index.{html} /astro/Star/Virginis-19/
/astro/Zodiac/Zodiac-Orion/index.{html} /astro/Zodiac/Zodiac-Orion/
/astro/Star/Aquarii-11/index.{html} /astro/Star/Aquarii-11/
/lang/Family/LangFamily-Sino-Tibetan/index.{html} /lang/Family/LangFamily-Sino-Tibetan/
/North-America/Canada/NFD~St._Johns/index.{html} /North-America/Canada/NFD~St._Johns/
/North-America/United_States_of_America/Louisiana/Baton_Rouge/index.{html} /North-America/United_States_of_America/Louisiana/Baton_Rouge/
/astro/Star/Cephei-9/index.{html} /astro/Star/Cephei-9/
/chemic/Elements/Group-08-Iron/Osmium/index.{html} /chemic/Elements/Group-08-Iron/Osmium/
/chemic/Elements/Group-18-Nobel-Gases/Helium/index.{html} /chemic/Elements/Group-18-Nobel-Gases/Helium/
/North-America/United_States_of_America/Colorado/Denver/index.{html} /North-America/United_States_of_America/Colorado/Denver/
/astro/Star/Crucis-12/index.{html} /astro/Star/Crucis-12/
/astro/Star/Cygni-152/index.{html} /astro/Star/Cygni-152/
/astro/Star/Leonis-5/index.{html} /astro/Star/Leonis-5/
/astro/Star/Lupi-16/index.{html} /astro/Star/Lupi-16/
/astro/Star/Pegasi-11/index.{html} /astro/Star/Pegasi-11/
/astro/Star/Coronae_Borealis-4/index.{html} /astro/Star/Coronae_Borealis-4/
/astro/Star/Elmuthalleth/index.{html} /astro/Star/Elmuthalleth/
/astro/Star/Piscis_Australis-2/index.{html} /astro/Star/Piscis_Australis-2/
/astro/Star/Scuti-1/index.{html} /astro/Star/Scuti-1/
/astro/Star/Tauri-3/index.{html} /astro/Star/Tauri-3/
/astro/Zodiac/Zodiac-Corvus/index.{html} /astro/Zodiac/Zodiac-Corvus/
/astro/Star/Centauri-3/index.{html} /astro/Star/Centauri-3/
/astro/Star/Gienah/index.{html} /astro/Star/Gienah/
/astro/Star/Mekbuda/index.{html} /astro/Star/Mekbuda/
/astro/Star/Orionis-142/index.{html} /astro/Star/Orionis-142/
/astro/Star/Zosma/index.{html} /astro/Star/Zosma/
/astro/Zodiac/Zodiac-Hydra/index.{html} /astro/Zodiac/Zodiac-Hydra/
/astro/Star/Crucis-4/index.{html} /astro/Star/Crucis-4/
/astro/Star/Crucis-6/index.{html} /astro/Star/Crucis-6/
/astro/Star/Leporis-6/index.{html} /astro/Star/Leporis-6/
/astro/Star/Monocerotis-6/index.{html} /astro/Star/Monocerotis-6/
/astro/Star/Zubeneschemali/index.{html} /astro/Star/Zubeneschemali/
/chemic/Elements/Group-13-Boron/Indium/index.{html} /chemic/Elements/Group-13-Boron/Indium/
/astro/Star/Alderamin/index.{html} /astro/Star/Alderamin/
/astro/Star/Orionis-9/index.{html} /astro/Star/Orionis-9/
/chemic/Elements/Group-03-Scandium/Actinium/index.{html} /chemic/Elements/Group-03-Scandium/Actinium/
/notes/search/index.{html} /notes/search/
/North-America/Canada/Quebec/index.{html} /North-America/Canada/Quebec/
/North-America/United_States_of_America/_CountryStateDB/index.{html} /North-America/United_States_of_America/_CountryStateDB/
/astro/Star/Cancri-9/index.{html} /astro/Star/Cancri-9/
/astro/Star/Orionis-7/index.{html} /astro/Star/Orionis-7/
/astro/Star/Phoenicis-5/index.{html} /astro/Star/Phoenicis-5/
/astro/Star/Pavonis-6/index.{html} /astro/Star/Pavonis-6/
/astro/Star/Piscium-6/index.{html} /astro/Star/Piscium-6/
/astro/Zodiac/Zodiac-Sextans/index.{html} /astro/Zodiac/Zodiac-Sextans/
/astro/Zodiac/Zodiac-Circinus/index.{html} /astro/Zodiac/Zodiac-Circinus/
/chemic/Elements/Group-14-Carbon/Germanium/index.{html} /chemic/Elements/Group-14-Carbon/Germanium/
/North-America/United_States_of_America/Arkansas/index.{html} /North-America/United_States_of_America/Arkansas/
/North-America/United_States_of_America/Indiana/Mitchell/index.{html} /North-America/United_States_of_America/Indiana/Mitchell/
/North-America/United_States_of_America/Vermont/Montpelier/index.{html} /North-America/United_States_of_America/Vermont/Montpelier/
/astro/Class/Star-Class-W/index.{html} /astro/Class/Star-Class-W/
/astro/Star/Scorpii-4/index.{html} /astro/Star/Scorpii-4/
/astro/Zodiac/Zodiac-Andromeda/index.{html} /astro/Zodiac/Zodiac-Andromeda/
/astro/Star/Aquarii-188/index.{html} /astro/Star/Aquarii-188/
/astro/Star/Carinae-42/index.{html} /astro/Star/Carinae-42/
/astro/Star/Indi-2/index.{html} /astro/Star/Indi-2/
/astro/Star/Herculis-7/index.{html} /astro/Star/Herculis-7/
/astro/Star/Hydrae-139/index.{html} /astro/Star/Hydrae-139/
/North-America/Canada/State/State-Ontario/index.{html} /North-America/Canada/State/State-Ontario/
/North-America/United_States_of_America/Idaho/index.{html} /North-America/United_States_of_America/Idaho/
/North-America/United_States_of_America/Maine/index.{html} /North-America/United_States_of_America/Maine/
/North-America/United_States_of_America/Michigan/Lansing/index.{html} /North-America/United_States_of_America/Michigan/Lansing/
/North-America/United_States_of_America/Rhode_Island/Providence/index.{html} /North-America/United_States_of_America/Rhode_Island/Providence/
/astro/Star/Ceti-16/index.{html} /astro/Star/Ceti-16/
/chemic/Elements/Group-05-Vanadium/Vanadium/index.{html} /chemic/Elements/Group-05-Vanadium/Vanadium/
/astro/Star/_Star-Template/index.{html} /astro/Star/_Star-Template/
/North-America/United_States_of_America/Georgia/index.{html} /North-America/United_States_of_America/Georgia/
/astro/Star/Cancri-53/index.{html} /astro/Star/Cancri-53/
/astro/Star/Cygni-132/index.{html} /astro/Star/Cygni-132/
/astro/Star/Cygni-5/index.{html} /astro/Star/Cygni-5/
/astro/Star/Lyrae-6/index.{html} /astro/Star/Lyrae-6/
/astro/Star/Piscium-5/index.{html} /astro/Star/Piscium-5/
/astro/Star/Eridani-153/index.{html} /astro/Star/Eridani-153/
/astro/Star/Piscium-1/index.{html} /astro/Star/Piscium-1/
/astro/Star/Suhail_Al_Wazn/index.{html} /astro/Star/Suhail_Al_Wazn/
/astro/Star/Hydri-2/index.{html} /astro/Star/Hydri-2/
/astro/Star/Velorum-40/index.{html} /astro/Star/Velorum-40/
/lang/Lang-es/index.{html} /lang/Lang-es/
/astro/Star/Lyrae-112/index.{html} /astro/Star/Lyrae-112/
/astro/Star/Centauri-13/index.{html} /astro/Star/Centauri-13/
/astro/Star/Cygni-19/index.{html} /astro/Star/Cygni-19/
/astro/Star/Monocerotis-1/index.{html} /astro/Star/Monocerotis-1/
/astro/Star/Persei-12/index.{html} /astro/Star/Persei-12/
/North-America/United_States_of_America/Alaska/Nome/index.{html} /North-America/United_States_of_America/Alaska/Nome/
/North-America/United_States_of_America/New_Hampshire/Pittsburg/index.{html} /North-America/United_States_of_America/New_Hampshire/Pittsburg/
/astro/Star/Reticuli-1/index.{html} /astro/Star/Reticuli-1/
/astro/Star/Schedir/index.{html} /astro/Star/Schedir/
/astro/Star/Ursae_Majoris-15/index.{html} /astro/Star/Ursae_Majoris-15/
/astro/Zodiac/Zodiac-Equuleus/index.{html} /astro/Zodiac/Zodiac-Equuleus/
/chemic/Elements/Lanthanide-Group/Dysprosium/index.{html} /chemic/Elements/Lanthanide-Group/Dysprosium/
/astro/Star/Ceti-3/index.{html} /astro/Star/Ceti-3/
/astro/Star/Leporis-12/index.{html} /astro/Star/Leporis-12/
/astro/Star/Muscae-2/index.{html} /astro/Star/Muscae-2/
/astro/Star/Ophiuchi-13/index.{html} /astro/Star/Ophiuchi-13/
/astro/Zodiac/Zodiac-Carina/index.{html} /astro/Zodiac/Zodiac-Carina/
/chemic/Elements/Group-12-Zinc/Zinc/index.{html} /chemic/Elements/Group-12-Zinc/Zinc/
/astro/README/index.{html} /astro/README/
/astro/Star/Centauri-18/index.{html} /astro/Star/Centauri-18/
/astro/Star/Pollux/index.{html} /astro/Star/Pollux/
/astro/Star/Sabik/index.{html} /astro/Star/Sabik/
/astro/Zodiac/Zodiac-Indus/index.{html} /astro/Zodiac/Zodiac-Indus/
/chemic/Elements/Actinide-Group/Neptunium/index.{html} /chemic/Elements/Actinide-Group/Neptunium/
/astro/Star/Alschain/index.{html} /astro/Star/Alschain/
/astro/Star/Tejat_Prior/index.{html} /astro/Star/Tejat_Prior/
/astro/Zodiac/Zodiac-Minor/index.{html} /astro/Zodiac/Zodiac-Minor/
/chemic/Elements/Group-11-Copper/Silver/index.{html} /chemic/Elements/Group-11-Copper/Silver/
/chemic/Elements/Lanthanide-Group/Ytterbium/index.{html} /chemic/Elements/Lanthanide-Group/Ytterbium/
/astro/Star/Eridani-141/index.{html} /astro/Star/Eridani-141/
/astro/Star/Leporis-7/index.{html} /astro/Star/Leporis-7/
/chemic/Elements/Lanthanide-Group/Europium/index.{html} /chemic/Elements/Lanthanide-Group/Europium/
/astro/Star/Cassiopeiae-7/index.{html} /astro/Star/Cassiopeiae-7/
/astro/Star/Orionis-132/index.{html} /astro/Star/Orionis-132/
/lang/Family/LangFamily-Quechuan/index.{html} /lang/Family/LangFamily-Quechuan/
/North-America/United_States_of_America/California/Santa_Monika/index.{html} /North-America/United_States_of_America/California/Santa_Monika/
/North-America/United_States_of_America/New_York/Newburgh/index.{html} /North-America/United_States_of_America/New_York/Newburgh/
/astro/Star/Aquilae-4/index.{html} /astro/Star/Aquilae-4/
/astro/Star/Draconis-8/index.{html} /astro/Star/Draconis-8/
/astro/Star/Leonis-154/index.{html} /astro/Star/Leonis-154/
/astro/Star/Mizar/index.{html} /astro/Star/Mizar/
/astro/Star/Delphini-1/index.{html} /astro/Star/Delphini-1/
/astro/Star/Fornacis-2/index.{html} /astro/Star/Fornacis-2/
/astro/Star/Serpentis-4/index.{html} /astro/Star/Serpentis-4/
/astro/Star/Virginis-22/index.{html} /astro/Star/Virginis-22/
/astro/Zodiac/Zodiac-Hydrus/index.{html} /astro/Zodiac/Zodiac-Hydrus/
/notes/hosting/index.{html} /notes/hosting/
/astro/Zodiac/Zodiac-Serpens/index.{html} /astro/Zodiac/Zodiac-Serpens/
/North-America/United_States_of_America/Connecticut/Hartford/index.{html} /North-America/United_States_of_America/Connecticut/Hartford/
/North-America/United_States_of_America/Delaware/index.{html} /North-America/United_States_of_America/Delaware/
/astro/Star/Eridani-119/index.{html} /astro/Star/Eridani-119/
/astro/Star/Nusakan/index.{html} /astro/Star/Nusakan/
/astro/Star/Scorpii-29/index.{html} /astro/Star/Scorpii-29/
/astro/Star/Scorpii-5/index.{html} /astro/Star/Scorpii-5/
/astro/Zodiac/Zodiac-Ursa_Minor/index.{html} /astro/Zodiac/Zodiac-Ursa_Minor/
/chemic/Elements/Actinide-Group/Protactinium/index.{html} /chemic/Elements/Actinide-Group/Protactinium/
/A-Za~z09/index.{html} /A-Za~z09/
/astro/Star/Coronae_Australis-6/index.{html} /astro/Star/Coronae_Australis-6/
/astro/Star/Delphini-2/index.{html} /astro/Star/Delphini-2/
/astro/Star/Herculis-16/index.{html} /astro/Star/Herculis-16/
/astro/Star/Persei-9/index.{html} /astro/Star/Persei-9/
/astro/Star/Tauri-14/index.{html} /astro/Star/Tauri-14/
/astro/Class/Star-Class-N/index.{html} /astro/Class/Star-Class-N/
/astro/Star/Bootis-6/index.{html} /astro/Star/Bootis-6/
/astro/Star/Denebola/index.{html} /astro/Star/Denebola/
/astro/Star/Rastaben/index.{html} /astro/Star/Rastaben/
/astro/Zodiac/Zodiac-Perseus/index.{html} /astro/Zodiac/Zodiac-Perseus/
/astro/Star/Canis_Majoris-124/index.{html} /astro/Star/Canis_Majoris-124/
/chemic/Elements/Group-04-Titanium/Zirconium/index.{html} /chemic/Elements/Group-04-Titanium/Zirconium/
/chemic/Elements/Group-06-Chromium/Molybdenum/index.{html} /chemic/Elements/Group-06-Chromium/Molybdenum/
/lang/Lang-la/index.{html} /lang/Lang-la/
